{
  "config": {
    "model_name": "Linq-AI-Research/Linq-Embed-Mistral",
    "doc_mode": "fable_plus_summary",
    "epochs": 10,
    "batch_size": 16,
    "gradient_accumulation_steps": 1,
    "gradient_checkpointing": true,
    "max_seq_length": 512,
    "learning_rate": 0.0001,
    "temperature": 0.05,
    "seed": 42,
    "early_stopping_patience": 3,
    "query_instruction": "Instruct: Given a moral statement, retrieve the fable that best conveys this moral.\nQuery: ",
    "model_kwargs": {
      "torch_dtype": "auto"
    },
    "lora": {
      "r": 64,
      "alpha": 128,
      "dropout": 0.05,
      "target_modules": [
        "q_proj",
        "k_proj",
        "v_proj",
        "o_proj"
      ]
    },
    "model_output_dir": "/data/lior/ft_03_hard_neg/models",
    "wandb": {
      "project": "morables-finetuning",
      "enabled": true
    }
  },
  "mode": "hard_neg",
  "distractor_type": "injected_adjectives",
  "temperature": 0.05,
  "folds_run": [
    0,
    1,
    2,
    3,
    4
  ],
  "mean_mrr": 0.4317417303909445,
  "std_mrr": 0.04007975830722478,
  "fold_mrrs": [
    0.4202021772555679,
    0.494022073415719,
    0.44213916867012826,
    0.43313262664311764,
    0.36921260597018946
  ],
  "fold_metrics": [
    {
      "MRR": 0.4202021772555679,
      "MAP": 0.4202021772555679,
      "R-Precision": 0.3028169014084507,
      "Mean Rank": 25.323943661971832,
      "Median Rank": 4.0,
      "n_queries": 142,
      "Recall@1": 0.3028169014084507,
      "P@1": 0.3028169014084507,
      "NDCG@1": 0.3028169014084507,
      "Recall@5": 0.5563380281690141,
      "P@5": 0.11126760563380282,
      "NDCG@5": 0.4368578209106024,
      "Recall@10": 0.6338028169014085,
      "P@10": 0.06338028169014084,
      "NDCG@10": 0.4617979254850118,
      "Recall@50": 0.8450704225352113,
      "P@50": 0.016901408450704227,
      "NDCG@50": 0.5102895742726172
    },
    {
      "MRR": 0.494022073415719,
      "MAP": 0.494022073415719,
      "R-Precision": 0.36619718309859156,
      "Mean Rank": 27.204225352112676,
      "Median Rank": 2.0,
      "n_queries": 142,
      "Recall@1": 0.36619718309859156,
      "P@1": 0.36619718309859156,
      "NDCG@1": 0.36619718309859156,
      "Recall@5": 0.6408450704225352,
      "P@5": 0.128169014084507,
      "NDCG@5": 0.5162755666303339,
      "Recall@10": 0.7253521126760564,
      "P@10": 0.07253521126760562,
      "NDCG@10": 0.5432865882719616,
      "Recall@50": 0.8732394366197183,
      "P@50": 0.01746478873239437,
      "NDCG@50": 0.5765701095695052
    },
    {
      "MRR": 0.44213916867012826,
      "MAP": 0.44213916867012826,
      "R-Precision": 0.30985915492957744,
      "Mean Rank": 25.154929577464788,
      "Median Rank": 3.0,
      "n_queries": 142,
      "Recall@1": 0.30985915492957744,
      "P@1": 0.30985915492957744,
      "NDCG@1": 0.30985915492957744,
      "Recall@5": 0.6126760563380281,
      "P@5": 0.12253521126760562,
      "NDCG@5": 0.47052999604613965,
      "Recall@10": 0.6619718309859155,
      "P@10": 0.06619718309859154,
      "NDCG@10": 0.4868049311878168,
      "Recall@50": 0.8873239436619719,
      "P@50": 0.01774647887323944,
      "NDCG@50": 0.536627237479486
    },
    {
      "MRR": 0.43313262664311764,
      "MAP": 0.43313262664311764,
      "R-Precision": 0.323943661971831,
      "Mean Rank": 35.232394366197184,
      "Median Rank": 3.5,
      "n_queries": 142,
      "Recall@1": 0.323943661971831,
      "P@1": 0.323943661971831,
      "NDCG@1": 0.323943661971831,
      "Recall@5": 0.5704225352112676,
      "P@5": 0.11408450704225352,
      "NDCG@5": 0.45213118042419737,
      "Recall@10": 0.6690140845070423,
      "P@10": 0.0669014084507042,
      "NDCG@10": 0.4829756324491523,
      "Recall@50": 0.8380281690140845,
      "P@50": 0.016760563380281694,
      "NDCG@50": 0.5181642328191596
    },
    {
      "MRR": 0.36921260597018946,
      "MAP": 0.36921260597018946,
      "R-Precision": 0.2127659574468085,
      "Mean Rank": 35.361702127659576,
      "Median Rank": 4.0,
      "n_queries": 141,
      "Recall@1": 0.2127659574468085,
      "P@1": 0.2127659574468085,
      "NDCG@1": 0.2127659574468085,
      "Recall@5": 0.5390070921985816,
      "P@5": 0.1078014184397163,
      "NDCG@5": 0.3929412369976239,
      "Recall@10": 0.6595744680851063,
      "P@10": 0.06595744680851062,
      "NDCG@10": 0.4303424617539422,
      "Recall@50": 0.8581560283687943,
      "P@50": 0.01716312056737589,
      "NDCG@50": 0.47504079013365536
    }
  ]
}