{
  "config": {
    "model_name": "Linq-AI-Research/Linq-Embed-Mistral",
    "doc_mode": "fable_plus_summary",
    "epochs": 10,
    "batch_size": 16,
    "gradient_accumulation_steps": 1,
    "gradient_checkpointing": true,
    "max_seq_length": 512,
    "learning_rate": 0.0001,
    "temperature": 0.05,
    "seed": 42,
    "early_stopping_patience": 3,
    "query_instruction": "Instruct: Given a moral statement, retrieve the fable that best conveys this moral.\nQuery: ",
    "model_kwargs": {
      "torch_dtype": "auto"
    },
    "lora": {
      "r": 64,
      "alpha": 128,
      "dropout": 0.05,
      "target_modules": [
        "q_proj",
        "k_proj",
        "v_proj",
        "o_proj"
      ]
    },
    "model_output_dir": "/data/lior/ft_03_hard_neg/models",
    "wandb": {
      "project": "morables-finetuning",
      "enabled": true
    }
  },
  "mode": "hard_neg",
  "distractor_type": "based_on_adjectives",
  "temperature": 0.05,
  "folds_run": [
    0,
    1,
    2,
    3,
    4
  ],
  "mean_mrr": 0.3560275979474369,
  "std_mrr": 0.1776897515201829,
  "fold_mrrs": [
    0.008235360532667435,
    0.49738529963887806,
    0.448221947250727,
    0.44398265996694464,
    0.3823127223479673
  ],
  "fold_metrics": [
    {
      "MRR": 0.008235360532667435,
      "MAP": 0.008235360532667435,
      "R-Precision": 0.0,
      "Mean Rank": 382.1267605633803,
      "Median Rank": 383.0,
      "n_queries": 142,
      "Recall@1": 0.0,
      "P@1": 0.0,
      "NDCG@1": 0.0,
      "Recall@5": 0.007042253521126761,
      "P@5": 0.0014084507042253522,
      "NDCG@5": 0.004443167278672236,
      "Recall@10": 0.007042253521126761,
      "P@10": 0.0007042253521126761,
      "NDCG@10": 0.004443167278672236,
      "Recall@50": 0.04225352112676056,
      "P@50": 0.0008450704225352113,
      "NDCG@50": 0.011525657390104194
    },
    {
      "MRR": 0.49738529963887806,
      "MAP": 0.49738529963887806,
      "R-Precision": 0.3732394366197183,
      "Mean Rank": 30.098591549295776,
      "Median Rank": 2.5,
      "n_queries": 142,
      "Recall@1": 0.3732394366197183,
      "P@1": 0.3732394366197183,
      "NDCG@1": 0.3732394366197183,
      "Recall@5": 0.6408450704225352,
      "P@5": 0.128169014084507,
      "NDCG@5": 0.517213960498774,
      "Recall@10": 0.7464788732394366,
      "P@10": 0.07464788732394365,
      "NDCG@10": 0.5519605820503858,
      "Recall@50": 0.852112676056338,
      "P@50": 0.017042253521126764,
      "NDCG@50": 0.5760012696503687
    },
    {
      "MRR": 0.448221947250727,
      "MAP": 0.448221947250727,
      "R-Precision": 0.323943661971831,
      "Mean Rank": 25.47887323943662,
      "Median Rank": 3.0,
      "n_queries": 142,
      "Recall@1": 0.323943661971831,
      "P@1": 0.323943661971831,
      "NDCG@1": 0.323943661971831,
      "Recall@5": 0.5915492957746479,
      "P@5": 0.11830985915492956,
      "NDCG@5": 0.46712137463422854,
      "Recall@10": 0.6830985915492958,
      "P@10": 0.06830985915492957,
      "NDCG@10": 0.4970288171018052,
      "Recall@50": 0.8943661971830986,
      "P@50": 0.01788732394366197,
      "NDCG@50": 0.5424219314986692
    },
    {
      "MRR": 0.44398265996694464,
      "MAP": 0.44398265996694464,
      "R-Precision": 0.34507042253521125,
      "Mean Rank": 34.105633802816904,
      "Median Rank": 4.0,
      "n_queries": 142,
      "Recall@1": 0.34507042253521125,
      "P@1": 0.34507042253521125,
      "NDCG@1": 0.34507042253521125,
      "Recall@5": 0.5633802816901409,
      "P@5": 0.11267605633802817,
      "NDCG@5": 0.4570207349454524,
      "Recall@10": 0.6619718309859155,
      "P@10": 0.06619718309859153,
      "NDCG@10": 0.4894621633642155,
      "Recall@50": 0.8169014084507042,
      "P@50": 0.016338028169014085,
      "NDCG@50": 0.5221214711523929
    },
    {
      "MRR": 0.3823127223479673,
      "MAP": 0.3823127223479673,
      "R-Precision": 0.2198581560283688,
      "Mean Rank": 36.48936170212766,
      "Median Rank": 3.0,
      "n_queries": 141,
      "Recall@1": 0.2198581560283688,
      "P@1": 0.2198581560283688,
      "NDCG@1": 0.2198581560283688,
      "Recall@5": 0.5602836879432624,
      "P@5": 0.11205673758865246,
      "NDCG@5": 0.4105877185059489,
      "Recall@10": 0.6382978723404256,
      "P@10": 0.06382978723404255,
      "NDCG@10": 0.435740202525759,
      "Recall@50": 0.8581560283687943,
      "P@50": 0.01716312056737589,
      "NDCG@50": 0.48557307581424447
    }
  ]
}