{
  "config": {
    "model_name": "Linq-AI-Research/Linq-Embed-Mistral",
    "doc_mode": "fable_plus_summary",
    "epochs": 10,
    "batch_size": 4,
    "gradient_accumulation_steps": 4,
    "gradient_checkpointing": true,
    "max_seq_length": 512,
    "learning_rate": 0.0001,
    "temperature": 0.05,
    "seed": 42,
    "early_stopping_patience": 3,
    "query_instruction": "Instruct: Given a moral statement, retrieve the fable that best conveys this moral.\nQuery: ",
    "model_kwargs": {
      "torch_dtype": "auto"
    },
    "lora": {
      "r": 64,
      "alpha": 128,
      "dropout": 0.05,
      "target_modules": [
        "q_proj",
        "k_proj",
        "v_proj",
        "o_proj"
      ]
    },
    "model_output_dir": "/data/lior/ft_03_hard_neg/models",
    "wandb": {
      "project": "morables-finetuning",
      "enabled": true
    }
  },
  "mode": "basic",
  "distractor_type": null,
  "temperature": 0.05,
  "folds_run": [
    0
  ],
  "mean_mrr": 0.37367626651778224,
  "std_mrr": 0.0,
  "fold_mrrs": [
    0.37367626651778224
  ],
  "fold_metrics": [
    {
      "MRR": 0.37367626651778224,
      "MAP": 0.37367626651778224,
      "R-Precision": 0.24647887323943662,
      "Mean Rank": 32.725352112676056,
      "Median Rank": 5.0,
      "n_queries": 142,
      "Recall@1": 0.24647887323943662,
      "P@1": 0.24647887323943662,
      "NDCG@1": 0.24647887323943662,
      "Recall@5": 0.5352112676056338,
      "P@5": 0.10704225352112677,
      "NDCG@5": 0.3970365346897444,
      "Recall@10": 0.6056338028169014,
      "P@10": 0.060563380281690136,
      "NDCG@10": 0.42035372335254834,
      "Recall@50": 0.795774647887324,
      "P@50": 0.01591549295774648,
      "NDCG@50": 0.464167437322303
    }
  ]
}