{
  "config": {
    "model_name": "Linq-AI-Research/Linq-Embed-Mistral",
    "doc_mode": "fable_plus_summary",
    "epochs": 10,
    "batch_size": 16,
    "gradient_accumulation_steps": 1,
    "gradient_checkpointing": true,
    "max_seq_length": 512,
    "learning_rate": 0.0001,
    "temperature": 0.05,
    "seed": 42,
    "early_stopping_patience": 3,
    "query_instruction": "Instruct: Given a moral statement, retrieve the fable that best conveys this moral.\nQuery: ",
    "model_kwargs": {
      "torch_dtype": "auto"
    },
    "lora": {
      "r": 64,
      "alpha": 128,
      "dropout": 0.05,
      "target_modules": [
        "q_proj",
        "k_proj",
        "v_proj",
        "o_proj"
      ]
    },
    "model_output_dir": "/data/lior/ft_03_hard_neg/models",
    "wandb": {
      "project": "morables-finetuning",
      "enabled": true
    }
  },
  "mode": "hard_neg",
  "distractor_type": "partial_story",
  "temperature": 0.05,
  "folds_run": [
    0,
    1,
    2,
    3,
    4
  ],
  "mean_mrr": 0.4380321949690103,
  "std_mrr": 0.045062392327538524,
  "fold_mrrs": [
    0.4047952324131346,
    0.5077462858731692,
    0.46223405513312765,
    0.43737136309863467,
    0.37801403832698566
  ],
  "fold_metrics": [
    {
      "MRR": 0.4047952324131346,
      "MAP": 0.4047952324131346,
      "R-Precision": 0.2746478873239437,
      "Mean Rank": 27.309859154929576,
      "Median Rank": 3.5,
      "n_queries": 142,
      "Recall@1": 0.2746478873239437,
      "P@1": 0.2746478873239437,
      "NDCG@1": 0.2746478873239437,
      "Recall@5": 0.5352112676056338,
      "P@5": 0.10704225352112677,
      "NDCG@5": 0.41846810459841904,
      "Recall@10": 0.647887323943662,
      "P@10": 0.0647887323943662,
      "NDCG@10": 0.45461647693702417,
      "Recall@50": 0.8450704225352113,
      "P@50": 0.016901408450704227,
      "NDCG@50": 0.4984611559917434
    },
    {
      "MRR": 0.5077462858731692,
      "MAP": 0.5077462858731692,
      "R-Precision": 0.38028169014084506,
      "Mean Rank": 24.56338028169014,
      "Median Rank": 2.0,
      "n_queries": 142,
      "Recall@1": 0.38028169014084506,
      "P@1": 0.38028169014084506,
      "NDCG@1": 0.38028169014084506,
      "Recall@5": 0.6549295774647887,
      "P@5": 0.13098591549295774,
      "NDCG@5": 0.5303600736725874,
      "Recall@10": 0.7253521126760564,
      "P@10": 0.07253521126760562,
      "NDCG@10": 0.5534919987494721,
      "Recall@50": 0.8873239436619719,
      "P@50": 0.01774647887323944,
      "NDCG@50": 0.5903041539723762
    },
    {
      "MRR": 0.46223405513312765,
      "MAP": 0.46223405513312765,
      "R-Precision": 0.33098591549295775,
      "Mean Rank": 22.176056338028168,
      "Median Rank": 3.0,
      "n_queries": 142,
      "Recall@1": 0.33098591549295775,
      "P@1": 0.33098591549295775,
      "NDCG@1": 0.33098591549295775,
      "Recall@5": 0.6126760563380281,
      "P@5": 0.1225352112676056,
      "NDCG@5": 0.4837177312550544,
      "Recall@10": 0.6971830985915493,
      "P@10": 0.06971830985915492,
      "NDCG@10": 0.5117643526124108,
      "Recall@50": 0.8802816901408451,
      "P@50": 0.017605633802816906,
      "NDCG@50": 0.5520140913988494
    },
    {
      "MRR": 0.43737136309863467,
      "MAP": 0.43737136309863467,
      "R-Precision": 0.33098591549295775,
      "Mean Rank": 35.436619718309856,
      "Median Rank": 4.0,
      "n_queries": 142,
      "Recall@1": 0.33098591549295775,
      "P@1": 0.33098591549295775,
      "NDCG@1": 0.33098591549295775,
      "Recall@5": 0.5774647887323944,
      "P@5": 0.11549295774647886,
      "NDCG@5": 0.4580136587771123,
      "Recall@10": 0.6408450704225352,
      "P@10": 0.0640845070422535,
      "NDCG@10": 0.47817466591481217,
      "Recall@50": 0.8450704225352113,
      "P@50": 0.016901408450704227,
      "NDCG@50": 0.522605979448918
    },
    {
      "MRR": 0.37801403832698566,
      "MAP": 0.37801403832698566,
      "R-Precision": 0.2198581560283688,
      "Mean Rank": 35.205673758865245,
      "Median Rank": 4.0,
      "n_queries": 141,
      "Recall@1": 0.2198581560283688,
      "P@1": 0.2198581560283688,
      "NDCG@1": 0.2198581560283688,
      "Recall@5": 0.5390070921985816,
      "P@5": 0.1078014184397163,
      "NDCG@5": 0.3985253447864939,
      "Recall@10": 0.6382978723404256,
      "P@10": 0.06382978723404255,
      "NDCG@10": 0.43070315161556166,
      "Recall@50": 0.8723404255319149,
      "P@50": 0.017446808510638297,
      "NDCG@50": 0.48501080186752044
    }
  ]
}