{
  "config": {
    "model_name": "Linq-AI-Research/Linq-Embed-Mistral",
    "doc_mode": "fable_plus_summary",
    "epochs": 10,
    "batch_size": 4,
    "gradient_accumulation_steps": 4,
    "gradient_checkpointing": true,
    "max_seq_length": 512,
    "learning_rate": 0.0001,
    "temperature": 0.05,
    "seed": 42,
    "early_stopping_patience": 3,
    "query_instruction": "Instruct: Given a moral statement, retrieve the fable that best conveys this moral.\nQuery: ",
    "model_kwargs": {
      "torch_dtype": "auto"
    },
    "lora": {
      "r": 64,
      "alpha": 128,
      "dropout": 0.05,
      "target_modules": [
        "q_proj",
        "k_proj",
        "v_proj",
        "o_proj"
      ]
    },
    "model_output_dir": "/data/lior/ft_03_hard_neg/models",
    "wandb": {
      "project": "morables-finetuning",
      "enabled": true
    }
  },
  "mode": "basic",
  "distractor_type": null,
  "temperature": 0.05,
  "folds_run": [
    0
  ],
  "mean_mrr": 0.39077073344688495,
  "std_mrr": 0.0,
  "fold_mrrs": [
    0.39077073344688495
  ],
  "fold_metrics": [
    {
      "MRR": 0.39077073344688495,
      "MAP": 0.39077073344688495,
      "R-Precision": 0.2746478873239437,
      "Mean Rank": 29.591549295774648,
      "Median Rank": 5.0,
      "n_queries": 142,
      "Recall@1": 0.2746478873239437,
      "P@1": 0.2746478873239437,
      "NDCG@1": 0.2746478873239437,
      "Recall@5": 0.5070422535211268,
      "P@5": 0.10140845070422536,
      "NDCG@5": 0.4000238535685226,
      "Recall@10": 0.6126760563380281,
      "P@10": 0.06126760563380281,
      "NDCG@10": 0.43419533523859094,
      "Recall@50": 0.8450704225352113,
      "P@50": 0.016901408450704227,
      "NDCG@50": 0.4853673976352691
    }
  ]
}