{
  "config": {
    "model_name": "Linq-AI-Research/Linq-Embed-Mistral",
    "doc_mode": "fable_plus_summary",
    "epochs": 10,
    "batch_size": 16,
    "gradient_accumulation_steps": 1,
    "gradient_checkpointing": true,
    "max_seq_length": 512,
    "learning_rate": 0.0001,
    "temperature": 0.05,
    "seed": 42,
    "early_stopping_patience": 3,
    "query_instruction": "Instruct: Given a moral statement, retrieve the fable that best conveys this moral.\nQuery: ",
    "model_kwargs": {
      "torch_dtype": "auto"
    },
    "lora": {
      "r": 64,
      "alpha": 128,
      "dropout": 0.05,
      "target_modules": [
        "q_proj",
        "k_proj",
        "v_proj",
        "o_proj"
      ]
    },
    "model_output_dir": "/data/lior/ft_03_hard_neg/models",
    "wandb": {
      "project": "morables-finetuning",
      "enabled": true
    }
  },
  "mode": "basic",
  "distractor_type": null,
  "temperature": 0.05,
  "folds_run": [
    0
  ],
  "mean_mrr": 0.4283530897552546,
  "std_mrr": 0.0,
  "fold_mrrs": [
    0.4283530897552546
  ],
  "fold_metrics": [
    {
      "MRR": 0.4283530897552546,
      "MAP": 0.4283530897552546,
      "R-Precision": 0.2887323943661972,
      "Mean Rank": 27.464788732394368,
      "Median Rank": 4.0,
      "n_queries": 142,
      "Recall@1": 0.2887323943661972,
      "P@1": 0.2887323943661972,
      "NDCG@1": 0.2887323943661972,
      "Recall@5": 0.6056338028169014,
      "P@5": 0.12112676056338027,
      "NDCG@5": 0.4560901517980382,
      "Recall@10": 0.6901408450704225,
      "P@10": 0.06901408450704223,
      "NDCG@10": 0.483514577581477,
      "Recall@50": 0.8873239436619719,
      "P@50": 0.01774647887323944,
      "NDCG@50": 0.5274968970008024
    }
  ]
}