{
  "config": {
    "model_name": "Linq-AI-Research/Linq-Embed-Mistral",
    "doc_mode": "fable_plus_summary",
    "epochs": 10,
    "batch_size": 4,
    "gradient_accumulation_steps": 4,
    "gradient_checkpointing": true,
    "max_seq_length": 512,
    "learning_rate": 0.0001,
    "temperature": 0.05,
    "seed": 42,
    "early_stopping_patience": 3,
    "query_instruction": "Instruct: Given a moral statement, retrieve the fable that best conveys this moral.\nQuery: ",
    "model_kwargs": {
      "torch_dtype": "auto"
    },
    "lora": {
      "r": 64,
      "alpha": 128,
      "dropout": 0.05,
      "target_modules": [
        "q_proj",
        "k_proj",
        "v_proj",
        "o_proj"
      ]
    },
    "model_output_dir": "/data/lior/ft_03_hard_neg/models",
    "wandb": {
      "project": "morables-finetuning",
      "enabled": true
    }
  },
  "mode": "basic",
  "distractor_type": null,
  "temperature": 0.05,
  "folds_run": [
    0,
    1,
    2,
    3,
    4
  ],
  "mean_mrr": 0.438111857656822,
  "std_mrr": 0.04274712457847258,
  "fold_mrrs": [
    0.43787270398007855,
    0.5089865088530665,
    0.4380069404459638,
    0.4313598761057541,
    0.37433325889924696
  ],
  "fold_metrics": [
    {
      "MRR": 0.43787270398007855,
      "MAP": 0.43787270398007855,
      "R-Precision": 0.30985915492957744,
      "Mean Rank": 33.2887323943662,
      "Median Rank": 3.0,
      "n_queries": 142,
      "Recall@1": 0.30985915492957744,
      "P@1": 0.30985915492957744,
      "NDCG@1": 0.30985915492957744,
      "Recall@5": 0.5845070422535211,
      "P@5": 0.11690140845070421,
      "NDCG@5": 0.46024615642497385,
      "Recall@10": 0.6549295774647887,
      "P@10": 0.06549295774647887,
      "NDCG@10": 0.48197046243030417,
      "Recall@50": 0.8309859154929577,
      "P@50": 0.016619718309859158,
      "NDCG@50": 0.5222824056902456
    },
    {
      "MRR": 0.5089865088530665,
      "MAP": 0.5089865088530665,
      "R-Precision": 0.39436619718309857,
      "Mean Rank": 30.739436619718308,
      "Median Rank": 2.0,
      "n_queries": 142,
      "Recall@1": 0.39436619718309857,
      "P@1": 0.39436619718309857,
      "NDCG@1": 0.39436619718309857,
      "Recall@5": 0.647887323943662,
      "P@5": 0.1295774647887324,
      "NDCG@5": 0.5307393909744722,
      "Recall@10": 0.7183098591549296,
      "P@10": 0.07183098591549296,
      "NDCG@10": 0.553618995386832,
      "Recall@50": 0.8661971830985915,
      "P@50": 0.017323943661971833,
      "NDCG@50": 0.5861203047088968
    },
    {
      "MRR": 0.4380069404459638,
      "MAP": 0.4380069404459638,
      "R-Precision": 0.3380281690140845,
      "Mean Rank": 31.669014084507044,
      "Median Rank": 4.0,
      "n_queries": 142,
      "Recall@1": 0.3380281690140845,
      "P@1": 0.3380281690140845,
      "NDCG@1": 0.3380281690140845,
      "Recall@5": 0.5633802816901409,
      "P@5": 0.11267605633802814,
      "NDCG@5": 0.45067532726981,
      "Recall@10": 0.676056338028169,
      "P@10": 0.06760563380281688,
      "NDCG@10": 0.48760019088743495,
      "Recall@50": 0.8169014084507042,
      "P@50": 0.016338028169014085,
      "NDCG@50": 0.5184713561036297
    },
    {
      "MRR": 0.4313598761057541,
      "MAP": 0.4313598761057541,
      "R-Precision": 0.3380281690140845,
      "Mean Rank": 37.50704225352113,
      "Median Rank": 4.0,
      "n_queries": 142,
      "Recall@1": 0.3380281690140845,
      "P@1": 0.3380281690140845,
      "NDCG@1": 0.3380281690140845,
      "Recall@5": 0.5422535211267606,
      "P@5": 0.10845070422535211,
      "NDCG@5": 0.4424480346501947,
      "Recall@10": 0.5915492957746479,
      "P@10": 0.05915492957746478,
      "NDCG@10": 0.45939845924093053,
      "Recall@50": 0.823943661971831,
      "P@50": 0.01647887323943662,
      "NDCG@50": 0.5128671765761076
    },
    {
      "MRR": 0.37433325889924696,
      "MAP": 0.37433325889924696,
      "R-Precision": 0.2127659574468085,
      "Mean Rank": 35.39007092198582,
      "Median Rank": 3.0,
      "n_queries": 141,
      "Recall@1": 0.2127659574468085,
      "P@1": 0.2127659574468085,
      "NDCG@1": 0.2127659574468085,
      "Recall@5": 0.5460992907801419,
      "P@5": 0.10921985815602836,
      "NDCG@5": 0.3981431520108691,
      "Recall@10": 0.6524822695035462,
      "P@10": 0.06524822695035461,
      "NDCG@10": 0.4329983291880325,
      "Recall@50": 0.8439716312056738,
      "P@50": 0.016879432624113476,
      "NDCG@50": 0.47709153643948515
    }
  ]
}