{
  "fn_mask_threshold": 0.85,
  "n_queries": 709,
  "doc_mode": "fable_plus_summary",
  "config": {
    "model_name": "Linq-AI-Research/Linq-Embed-Mistral",
    "batch_size": 4,
    "gradient_accumulation_steps": 4,
    "gradient_checkpointing": true,
    "learning_rate": 0.0001,
    "max_seq_length": 512,
    "model_kwargs": {
      "torch_dtype": "auto"
    },
    "query_instruction": "Instruct: Given a text, retrieve the most relevant passage that answers the query\nQuery: ",
    "lora": {
      "r": 64,
      "alpha": 128,
      "dropout": 0.05,
      "target_modules": [
        "q_proj",
        "k_proj",
        "v_proj",
        "o_proj"
      ]
    },
    "doc_mode": "fable_plus_summary",
    "n_folds": 5,
    "epochs": 10,
    "temperature": 0.05,
    "fn_mask_threshold": 0.85,
    "early_stopping_patience": 3,
    "seed": 42,
    "model_output_dir": "/data/lior/ft_09_fn_masking/models",
    "wandb": {
      "project": "morables-finetuning",
      "enabled": true
    }
  },
  "fold_results": [
    {
      "fold": 1,
      "n_train": 567,
      "n_test": 142,
      "MRR": 0.4636574987341435,
      "MAP": 0.4636574987341435,
      "R-Precision": 0.3380281690140845,
      "Mean Rank": 23.62676056338028,
      "Median Rank": 3.0,
      "n_queries": 142,
      "Recall@1": 0.3380281690140845,
      "P@1": 0.3380281690140845,
      "NDCG@1": 0.3380281690140845,
      "Recall@5": 0.5915492957746479,
      "P@5": 0.11830985915492956,
      "NDCG@5": 0.47875729342024825,
      "Recall@10": 0.6830985915492958,
      "P@10": 0.06830985915492957,
      "NDCG@10": 0.5084932355053698,
      "Recall@50": 0.8450704225352113,
      "P@50": 0.016901408450704224,
      "NDCG@50": 0.5458830293156121
    }
  ],
  "mean_mrr": 0.4636574987341435,
  "std_mrr": 0.0
}