{
  "fn_mask_threshold": 0.85,
  "n_queries": 709,
  "doc_mode": "fable_plus_summary",
  "config": {
    "model_name": "Linq-AI-Research/Linq-Embed-Mistral",
    "batch_size": 4,
    "gradient_accumulation_steps": 4,
    "gradient_checkpointing": true,
    "learning_rate": 0.0001,
    "max_seq_length": 512,
    "model_kwargs": {
      "torch_dtype": "auto"
    },
    "query_instruction": "Instruct: Given a text, retrieve the most relevant passage that answers the query\nQuery: ",
    "lora": {
      "r": 64,
      "alpha": 128,
      "dropout": 0.05,
      "target_modules": [
        "q_proj",
        "k_proj",
        "v_proj",
        "o_proj"
      ]
    },
    "doc_mode": "fable_plus_summary",
    "n_folds": 5,
    "epochs": 10,
    "temperature": 0.05,
    "fn_mask_threshold": 0.85,
    "early_stopping_patience": 3,
    "seed": 42,
    "model_output_dir": "/data/lior/ft_09_fn_masking/models",
    "wandb": {
      "project": "morables-finetuning",
      "enabled": true
    }
  },
  "fold_results": [
    {
      "fold": 4,
      "n_train": 568,
      "n_test": 141,
      "MRR": 0.4477470314048409,
      "MAP": 0.4477470314048409,
      "R-Precision": 0.3191489361702128,
      "Mean Rank": 28.79432624113475,
      "Median Rank": 3.0,
      "n_queries": 141,
      "Recall@1": 0.3191489361702128,
      "P@1": 0.3191489361702128,
      "NDCG@1": 0.3191489361702128,
      "Recall@5": 0.6099290780141844,
      "P@5": 0.12198581560283688,
      "NDCG@5": 0.47224934930300383,
      "Recall@10": 0.6879432624113475,
      "P@10": 0.06879432624113474,
      "NDCG@10": 0.49831805107519617,
      "Recall@50": 0.8652482269503546,
      "P@50": 0.017304964539007095,
      "NDCG@50": 0.5380532125573468
    }
  ],
  "mean_mrr": 0.4477470314048409,
  "std_mrr": 0.0
}