{
  "fn_mask_threshold": 0.85,
  "n_queries": 709,
  "doc_mode": "fable_plus_summary",
  "config": {
    "model_name": "Linq-AI-Research/Linq-Embed-Mistral",
    "batch_size": 4,
    "gradient_accumulation_steps": 4,
    "gradient_checkpointing": true,
    "learning_rate": 0.0001,
    "max_seq_length": 512,
    "model_kwargs": {
      "torch_dtype": "auto"
    },
    "query_instruction": "Instruct: Given a text, retrieve the most relevant passage that answers the query\nQuery: ",
    "lora": {
      "r": 64,
      "alpha": 128,
      "dropout": 0.05,
      "target_modules": [
        "q_proj",
        "k_proj",
        "v_proj",
        "o_proj"
      ]
    },
    "doc_mode": "fable_plus_summary",
    "n_folds": 5,
    "epochs": 10,
    "temperature": 0.05,
    "fn_mask_threshold": 0.85,
    "early_stopping_patience": 3,
    "seed": 42,
    "model_output_dir": "/data/lior/ft_09_fn_masking/models",
    "wandb": {
      "project": "morables-finetuning",
      "enabled": true
    }
  },
  "fold_results": [
    {
      "fold": 3,
      "n_train": 567,
      "n_test": 142,
      "MRR": 0.38640871642598656,
      "MAP": 0.38640871642598656,
      "R-Precision": 0.2535211267605634,
      "Mean Rank": 37.521126760563384,
      "Median Rank": 3.5,
      "n_queries": 142,
      "Recall@1": 0.2535211267605634,
      "P@1": 0.2535211267605634,
      "NDCG@1": 0.2535211267605634,
      "Recall@5": 0.5422535211267606,
      "P@5": 0.10845070422535211,
      "NDCG@5": 0.40939838137887136,
      "Recall@10": 0.6197183098591549,
      "P@10": 0.06197183098591547,
      "NDCG@10": 0.4340613329176776,
      "Recall@50": 0.8169014084507042,
      "P@50": 0.016338028169014085,
      "NDCG@50": 0.47887756664635794
    }
  ],
  "mean_mrr": 0.38640871642598656,
  "std_mrr": 0.0
}