{
  "fold": 2,
  "n_train": 567,
  "n_test": 142,
  "MRR": 0.5039753468200977,
  "MAP": 0.5039753468200977,
  "R-Precision": 0.4014084507042254,
  "Mean Rank": 29.47887323943662,
  "Median Rank": 2.5,
  "n_queries": 142,
  "Recall@1": 0.4014084507042254,
  "P@1": 0.4014084507042254,
  "NDCG@1": 0.4014084507042254,
  "Recall@5": 0.6338028169014085,
  "P@5": 0.1267605633802817,
  "NDCG@5": 0.5212105518050499,
  "Recall@10": 0.704225352112676,
  "P@10": 0.0704225352112676,
  "NDCG@10": 0.5437542260593725,
  "Recall@50": 0.8943661971830986,
  "P@50": 0.017887323943661975,
  "NDCG@50": 0.5869509203759863
}