{
  "fold": 3,
  "n_train": 567,
  "n_test": 142,
  "MRR": 0.38640871642598656,
  "MAP": 0.38640871642598656,
  "R-Precision": 0.2535211267605634,
  "Mean Rank": 37.521126760563384,
  "Median Rank": 3.5,
  "n_queries": 142,
  "Recall@1": 0.2535211267605634,
  "P@1": 0.2535211267605634,
  "NDCG@1": 0.2535211267605634,
  "Recall@5": 0.5422535211267606,
  "P@5": 0.10845070422535211,
  "NDCG@5": 0.40939838137887136,
  "Recall@10": 0.6197183098591549,
  "P@10": 0.06197183098591547,
  "NDCG@10": 0.4340613329176776,
  "Recall@50": 0.8169014084507042,
  "P@50": 0.016338028169014085,
  "NDCG@50": 0.47887756664635794
}