{
  "fold": 4,
  "n_train": 568,
  "n_test": 141,
  "MRR": 0.4477470314048409,
  "MAP": 0.4477470314048409,
  "R-Precision": 0.3191489361702128,
  "Mean Rank": 28.79432624113475,
  "Median Rank": 3.0,
  "n_queries": 141,
  "Recall@1": 0.3191489361702128,
  "P@1": 0.3191489361702128,
  "NDCG@1": 0.3191489361702128,
  "Recall@5": 0.6099290780141844,
  "P@5": 0.12198581560283688,
  "NDCG@5": 0.47224934930300383,
  "Recall@10": 0.6879432624113475,
  "P@10": 0.06879432624113474,
  "NDCG@10": 0.49831805107519617,
  "Recall@50": 0.8652482269503546,
  "P@50": 0.017304964539007095,
  "NDCG@50": 0.5380532125573468
}