{
  "fold": 1,
  "n_train": 567,
  "n_test": 142,
  "MRR": 0.4636574987341435,
  "MAP": 0.4636574987341435,
  "R-Precision": 0.3380281690140845,
  "Mean Rank": 23.62676056338028,
  "Median Rank": 3.0,
  "n_queries": 142,
  "Recall@1": 0.3380281690140845,
  "P@1": 0.3380281690140845,
  "NDCG@1": 0.3380281690140845,
  "Recall@5": 0.5915492957746479,
  "P@5": 0.11830985915492956,
  "NDCG@5": 0.47875729342024825,
  "Recall@10": 0.6830985915492958,
  "P@10": 0.06830985915492957,
  "NDCG@10": 0.5084932355053698,
  "Recall@50": 0.8450704225352113,
  "P@50": 0.016901408450704224,
  "NDCG@50": 0.5458830293156121
}