{
  "fold": 0,
  "n_train": 567,
  "n_test": 142,
  "MRR": 0.37349603916151647,
  "MAP": 0.37349603916151647,
  "R-Precision": 0.2746478873239437,
  "Mean Rank": 38.90845070422535,
  "Median Rank": 8.0,
  "n_queries": 142,
  "Recall@1": 0.2746478873239437,
  "P@1": 0.2746478873239437,
  "NDCG@1": 0.2746478873239437,
  "Recall@5": 0.45774647887323944,
  "P@5": 0.0915492957746479,
  "NDCG@5": 0.3752507369431282,
  "Recall@10": 0.5563380281690141,
  "P@10": 0.055633802816901404,
  "NDCG@10": 0.4059872117068425,
  "Recall@50": 0.8098591549295775,
  "P@50": 0.016197183098591552,
  "NDCG@50": 0.4622898416847317
}