{
  "variant": "cot_proverb",
  "n_fables": 200,
  "n_morals": 200,
  "summaries_path": "experiments/07_sota_summarization_oracle/results/generation_runs/2026-03-29_14-01-02_first200/golden_summaries.json",
  "baseline_raw_fable": {
    "MRR": 0.3117921085959134,
    "MAP": 0.3117921085959134,
    "R-Precision": 0.22,
    "Mean Rank": 29.47,
    "Median Rank": 10.5,
    "n_queries": 200,
    "Recall@1": 0.22,
    "P@1": 0.22,
    "NDCG@1": 0.22,
    "Recall@5": 0.39,
    "P@5": 0.078,
    "NDCG@5": 0.30825543369557706,
    "Recall@10": 0.5,
    "P@10": 0.05,
    "NDCG@10": 0.34350391294668303,
    "Recall@50": 0.785,
    "P@50": 0.0157,
    "NDCG@50": 0.40660530070005585
  },
  "config_A_summary_only": {
    "MRR": 0.5084156062955496,
    "MAP": 0.5084156062955496,
    "R-Precision": 0.415,
    "Mean Rank": 21.945,
    "Median Rank": 2.0,
    "n_queries": 200,
    "Recall@1": 0.415,
    "P@1": 0.415,
    "NDCG@1": 0.415,
    "Recall@5": 0.605,
    "P@5": 0.12099999999999998,
    "NDCG@5": 0.517402445056915,
    "Recall@10": 0.69,
    "P@10": 0.06899999999999999,
    "NDCG@10": 0.5452267320200802,
    "Recall@50": 0.835,
    "P@50": 0.0167,
    "NDCG@50": 0.5767492561254143
  },
  "config_B_fable_plus_summary": {
    "MRR": 0.5296544733662052,
    "MAP": 0.5296544733662052,
    "R-Precision": 0.405,
    "Mean Rank": 11.08,
    "Median Rank": 2.0,
    "n_queries": 200,
    "Recall@1": 0.405,
    "P@1": 0.405,
    "NDCG@1": 0.405,
    "Recall@5": 0.7,
    "P@5": 0.14,
    "NDCG@5": 0.5573817967960027,
    "Recall@10": 0.77,
    "P@10": 0.077,
    "NDCG@10": 0.5809467752198806,
    "Recall@50": 0.94,
    "P@50": 0.018799999999999997,
    "NDCG@50": 0.6189912271039415
  }
}