{
  "baseline_raw_fable": {
    "MRR": 0.3120592357501648,
    "MAP": 0.3120592357501648,
    "R-Precision": 0.22,
    "Mean Rank": 29.43,
    "Median Rank": 10.5,
    "n_queries": 200,
    "Recall@1": 0.22,
    "P@1": 0.22,
    "NDCG@1": 0.22,
    "Recall@5": 0.39,
    "P@5": 0.078,
    "NDCG@5": 0.3084745524497713,
    "Recall@10": 0.5,
    "P@10": 0.05,
    "NDCG@10": 0.3437230317008773,
    "Recall@50": 0.785,
    "P@50": 0.0157,
    "NDCG@50": 0.4068493186985526
  },
  "direct_moral__summary_only": {
    "MRR": 0.5160273608849457,
    "MAP": 0.5160273608849457,
    "R-Precision": 0.395,
    "Mean Rank": 16.44,
    "Median Rank": 2.0,
    "n_queries": 200,
    "Recall@1": 0.395,
    "P@1": 0.395,
    "NDCG@1": 0.395,
    "Recall@5": 0.66,
    "P@5": 0.132,
    "NDCG@5": 0.5365197741508538,
    "Recall@10": 0.755,
    "P@10": 0.07549999999999998,
    "NDCG@10": 0.5678560790128284,
    "Recall@50": 0.905,
    "P@50": 0.018099999999999998,
    "NDCG@50": 0.6002409071181252
  },
  "direct_moral__fable_plus_summary": {
    "MRR": 0.5165883843125166,
    "MAP": 0.5165883843125166,
    "R-Precision": 0.39,
    "Mean Rank": 11.14,
    "Median Rank": 2.0,
    "n_queries": 200,
    "Recall@1": 0.39,
    "P@1": 0.39,
    "NDCG@1": 0.39,
    "Recall@5": 0.665,
    "P@5": 0.13299999999999998,
    "NDCG@5": 0.5363895682006895,
    "Recall@10": 0.75,
    "P@10": 0.075,
    "NDCG@10": 0.5639925126287776,
    "Recall@50": 0.945,
    "P@50": 0.018899999999999997,
    "NDCG@50": 0.6095632779671072
  },
  "conceptual_abstract__summary_only": {
    "MRR": 0.52503023083598,
    "MAP": 0.52503023083598,
    "R-Precision": 0.405,
    "Mean Rank": 15.14,
    "Median Rank": 2.0,
    "n_queries": 200,
    "Recall@1": 0.405,
    "P@1": 0.405,
    "NDCG@1": 0.405,
    "Recall@5": 0.675,
    "P@5": 0.135,
    "NDCG@5": 0.5489398953533109,
    "Recall@10": 0.765,
    "P@10": 0.0765,
    "NDCG@10": 0.5772495184556867,
    "Recall@50": 0.89,
    "P@50": 0.017799999999999996,
    "NDCG@50": 0.604099732524022
  },
  "conceptual_abstract__fable_plus_summary": {
    "MRR": 0.510672457805388,
    "MAP": 0.510672457805388,
    "R-Precision": 0.385,
    "Mean Rank": 10.965,
    "Median Rank": 3.0,
    "n_queries": 200,
    "Recall@1": 0.385,
    "P@1": 0.385,
    "NDCG@1": 0.385,
    "Recall@5": 0.685,
    "P@5": 0.13699999999999998,
    "NDCG@5": 0.5389281504764082,
    "Recall@10": 0.755,
    "P@10": 0.07549999999999998,
    "NDCG@10": 0.5613371552273443,
    "Recall@50": 0.955,
    "P@50": 0.019099999999999995,
    "NDCG@50": 0.6065221576030004
  },
  "proverb__summary_only": {
    "MRR": 0.4670076235020615,
    "MAP": 0.4670076235020615,
    "R-Precision": 0.355,
    "Mean Rank": 21.03,
    "Median Rank": 3.0,
    "n_queries": 200,
    "Recall@1": 0.355,
    "P@1": 0.355,
    "NDCG@1": 0.355,
    "Recall@5": 0.62,
    "P@5": 0.12399999999999999,
    "NDCG@5": 0.491111084911697,
    "Recall@10": 0.7,
    "P@10": 0.06999999999999999,
    "NDCG@10": 0.5166620600032332,
    "Recall@50": 0.86,
    "P@50": 0.017199999999999997,
    "NDCG@50": 0.5505200255795192
  },
  "proverb__fable_plus_summary": {
    "MRR": 0.5444447826888501,
    "MAP": 0.5444447826888501,
    "R-Precision": 0.415,
    "Mean Rank": 10.215,
    "Median Rank": 2.0,
    "n_queries": 200,
    "Recall@1": 0.415,
    "P@1": 0.415,
    "NDCG@1": 0.415,
    "Recall@5": 0.71,
    "P@5": 0.142,
    "NDCG@5": 0.5708741593894835,
    "Recall@10": 0.795,
    "P@10": 0.07949999999999999,
    "NDCG@10": 0.5980196267420778,
    "Recall@50": 0.94,
    "P@50": 0.018799999999999997,
    "NDCG@50": 0.63164593398135
  },
  "cot_proverb__summary_only": {
    "MRR": 0.507996933662733,
    "MAP": 0.507996933662733,
    "R-Precision": 0.415,
    "Mean Rank": 21.98,
    "Median Rank": 2.0,
    "n_queries": 200,
    "Recall@1": 0.415,
    "P@1": 0.415,
    "NDCG@1": 0.415,
    "Recall@5": 0.605,
    "P@5": 0.12099999999999998,
    "NDCG@5": 0.517055827847282,
    "Recall@10": 0.69,
    "P@10": 0.06899999999999999,
    "NDCG@10": 0.5448801148104472,
    "Recall@50": 0.835,
    "P@50": 0.0167,
    "NDCG@50": 0.5764106519674764
  },
  "cot_proverb__fable_plus_summary": {
    "MRR": 0.5287559760903312,
    "MAP": 0.5287559760903312,
    "R-Precision": 0.405,
    "Mean Rank": 11.095,
    "Median Rank": 2.5,
    "n_queries": 200,
    "Recall@1": 0.405,
    "P@1": 0.405,
    "NDCG@1": 0.405,
    "Recall@5": 0.7,
    "P@5": 0.14,
    "NDCG@5": 0.5567271480281455,
    "Recall@10": 0.77,
    "P@10": 0.077,
    "NDCG@10": 0.5802027841692852,
    "Recall@50": 0.94,
    "P@50": 0.018799999999999997,
    "NDCG@50": 0.618268933571998
  }
}