{
  "source_prediction": "results/runs/2026-03-15_combined_v2/predictions/linq-embed-mistral__general.json",
  "run_key": "linq-embed-mistral__general",
  "model": "Linq-AI-Research/Linq-Embed-Mistral",
  "benchmark": "clustered_unique_morals",
  "n_unique_moral_queries": 668,
  "n_scored_queries": 668,
  "n_fable_docs": 709,
  "n_qrel_rows": 1122,
  "n_scored_qrel_rows": 1122,
  "metrics": {
    "MRR": 0.27075247161585364,
    "MAP": 0.2112736885091378,
    "R-Precision": 0.1588857998289136,
    "Mean Rank": 84.83083832335329,
    "Median Rank": 18.0,
    "n_queries": 668,
    "Hit@1": 0.19161676646706588,
    "Recall@1": 0.12932349586541203,
    "P@1": 0.19161676646706588,
    "NDCG@1": 0.19161676646706588,
    "Hit@5": 0.3562874251497006,
    "Recall@5": 0.2676682349586541,
    "P@5": 0.08592814371257483,
    "NDCG@5": 0.22116741293919526,
    "Hit@10": 0.44011976047904194,
    "Recall@10": 0.3429213002566296,
    "P@10": 0.056586826347305386,
    "NDCG@10": 0.24738023788308233,
    "Hit@50": 0.6437125748502994,
    "Recall@50": 0.5501996007984031,
    "P@50": 0.018023952095808385,
    "NDCG@50": 0.2976417796359982
  }
}