{
  "config": {
    "model_name": "BAAI/bge-base-en-v1.5",
    "doc_mode": "raw",
    "epochs": 10,
    "batch_size": 32,
    "learning_rate": 2e-05,
    "seed": 42,
    "wandb": {
      "project": "morables-finetuning",
      "enabled": true
    }
  },
  "folds_run": [
    0,
    1,
    2,
    3,
    4
  ],
  "mean_mrr": 0.12249988315910268,
  "std_mrr": 0.022446807936751783,
  "fold_mrrs": [
    0.10819313920438581,
    0.10614907697991097,
    0.16461539594409477,
    0.1065751851777258,
    0.12696661848939603
  ],
  "fold_metrics": [
    {
      "MRR": 0.10819313920438581,
      "MAP": 0.10819313920438581,
      "R-Precision": 0.056338028169014086,
      "Mean Rank": 136.6056338028169,
      "Median Rank": 74.5,
      "n_queries": 142,
      "Recall@1": 0.056338028169014086,
      "P@1": 0.056338028169014086,
      "NDCG@1": 0.056338028169014086,
      "Recall@5": 0.14084507042253522,
      "P@5": 0.028169014084507043,
      "NDCG@5": 0.09719403947746005,
      "Recall@10": 0.2112676056338028,
      "P@10": 0.02112676056338028,
      "NDCG@10": 0.119989846737212,
      "Recall@50": 0.45774647887323944,
      "P@50": 0.009154929577464789,
      "NDCG@50": 0.1752607876154344
    },
    {
      "MRR": 0.10614907697991097,
      "MAP": 0.10614907697991097,
      "R-Precision": 0.04225352112676056,
      "Mean Rank": 134.20422535211267,
      "Median Rank": 58.5,
      "n_queries": 142,
      "Recall@1": 0.04225352112676056,
      "P@1": 0.04225352112676056,
      "NDCG@1": 0.04225352112676056,
      "Recall@5": 0.13380281690140844,
      "P@5": 0.026760563380281693,
      "NDCG@5": 0.09368564142418834,
      "Recall@10": 0.20422535211267606,
      "P@10": 0.02042253521126761,
      "NDCG@10": 0.11698841462108221,
      "Recall@50": 0.4788732394366197,
      "P@50": 0.009577464788732394,
      "NDCG@50": 0.17718713601084338
    },
    {
      "MRR": 0.16461539594409477,
      "MAP": 0.16461539594409477,
      "R-Precision": 0.09859154929577464,
      "Mean Rank": 101.21830985915493,
      "Median Rank": 35.5,
      "n_queries": 142,
      "Recall@1": 0.09859154929577464,
      "P@1": 0.09859154929577464,
      "NDCG@1": 0.09859154929577464,
      "Recall@5": 0.2323943661971831,
      "P@5": 0.04647887323943663,
      "NDCG@5": 0.1637324839766107,
      "Recall@10": 0.28169014084507044,
      "P@10": 0.028169014084507043,
      "NDCG@10": 0.1797446815485946,
      "Recall@50": 0.5492957746478874,
      "P@50": 0.010985915492957746,
      "NDCG@50": 0.23952853707976715
    },
    {
      "MRR": 0.1065751851777258,
      "MAP": 0.1065751851777258,
      "R-Precision": 0.06338028169014084,
      "Mean Rank": 141.90845070422534,
      "Median Rank": 65.0,
      "n_queries": 142,
      "Recall@1": 0.06338028169014084,
      "P@1": 0.06338028169014084,
      "NDCG@1": 0.06338028169014084,
      "Recall@5": 0.11971830985915492,
      "P@5": 0.023943661971830985,
      "NDCG@5": 0.09223360164265387,
      "Recall@10": 0.18309859154929578,
      "P@10": 0.018309859154929577,
      "NDCG@10": 0.11269938339847856,
      "Recall@50": 0.43661971830985913,
      "P@50": 0.008732394366197185,
      "NDCG@50": 0.16733840745291423
    },
    {
      "MRR": 0.12696661848939603,
      "MAP": 0.12696661848939603,
      "R-Precision": 0.07801418439716312,
      "Mean Rank": 114.62411347517731,
      "Median Rank": 46.0,
      "n_queries": 141,
      "Recall@1": 0.07801418439716312,
      "P@1": 0.07801418439716312,
      "NDCG@1": 0.07801418439716312,
      "Recall@5": 0.16312056737588654,
      "P@5": 0.03262411347517731,
      "NDCG@5": 0.11675640798899324,
      "Recall@10": 0.22695035460992907,
      "P@10": 0.02269503546099291,
      "NDCG@10": 0.137391688731922,
      "Recall@50": 0.5035460992907801,
      "P@50": 0.010070921985815603,
      "NDCG@50": 0.19811431283285755
    }
  ]
}