{
  "config": {
    "n_queries": 668,
    "n_fables": 709,
    "n_qrels": 1085,
    "methods": [
      "tfidf",
      "bm25"
    ],
    "doc_variants": [
      "raw",
      "title",
      "first_sentence",
      "first_50"
    ],
    "tfidf_ngram_max": 1,
    "bm25_k1": 1.2,
    "bm25_b": 0.75
  },
  "metrics": {
    "tfidf__raw": {
      "method": "tfidf",
      "doc_variant": "raw",
      "MRR": 0.09145570585068111,
      "MAP": 0.07374929156119149,
      "R-Precision": 0.046556886227544905,
      "Mean Rank": 230.0449101796407,
      "Median Rank": 159.0,
      "n_queries": 668,
      "Hit@1": 0.04790419161676647,
      "Recall@1": 0.03917165668662675,
      "P@1": 0.04790419161676647,
      "NDCG@1": 0.04790419161676647,
      "Hit@5": 0.12425149700598802,
      "Recall@5": 0.08984530938123751,
      "P@5": 0.025149700598802397,
      "NDCG@5": 0.07085908956866102,
      "Hit@10": 0.15868263473053892,
      "Recall@10": 0.12103293413173652,
      "P@10": 0.016766467065868266,
      "NDCG@10": 0.08171911715753051,
      "Hit@50": 0.3143712574850299,
      "Recall@50": 0.23977045908183636,
      "P@50": 0.006976047904191617,
      "NDCG@50": 0.11099323211404481,
      "Hit@100": 0.4116766467065868,
      "Recall@100": 0.31197604790419164,
      "P@100": 0.0046856287425149695,
      "NDCG@100": 0.12405931325036032,
      "MRR@10": 0.08047476475620187,
      "MAP@10": 0.06326076022558058,
      "rankings_path": "experiments/21_lexical_controls/results/2026-05-19_12-59-11/rankings/tfidf__raw.json"
    },
    "bm25__raw": {
      "method": "bm25",
      "doc_variant": "raw",
      "MRR": 0.0835372118015685,
      "MAP": 0.06658083692097581,
      "R-Precision": 0.03982035928143713,
      "Mean Rank": 231.41616766467067,
      "Median Rank": 164.0,
      "n_queries": 668,
      "Hit@1": 0.041916167664670656,
      "Recall@1": 0.03153692614770459,
      "P@1": 0.041916167664670656,
      "NDCG@1": 0.041916167664670656,
      "Hit@5": 0.11377245508982035,
      "Recall@5": 0.08373253493013971,
      "P@5": 0.023952095808383235,
      "NDCG@5": 0.06306546636589708,
      "Hit@10": 0.15868263473053892,
      "Recall@10": 0.12432634730538922,
      "P@10": 0.017365269461077845,
      "NDCG@10": 0.07708630216449601,
      "Hit@50": 0.3083832335329341,
      "Recall@50": 0.23408183632734528,
      "P@50": 0.0068862275449101795,
      "NDCG@50": 0.10396879005300706,
      "Hit@100": 0.4086826347305389,
      "Recall@100": 0.3152195608782435,
      "P@100": 0.0046856287425149695,
      "NDCG@100": 0.11845434253445859,
      "MRR@10": 0.07302121946583025,
      "MAP@10": 0.05668736930900105,
      "rankings_path": "experiments/21_lexical_controls/results/2026-05-19_12-59-11/rankings/bm25__raw.json"
    },
    "tfidf__title": {
      "method": "tfidf",
      "doc_variant": "title",
      "MRR": 0.032713707304968934,
      "MAP": 0.02736375360991733,
      "R-Precision": 0.014520958083832334,
      "Mean Rank": 300.122754491018,
      "Median Rank": 283.0,
      "n_queries": 668,
      "Hit@1": 0.017964071856287425,
      "Recall@1": 0.01372255489021956,
      "P@1": 0.017964071856287425,
      "NDCG@1": 0.017964071856287425,
      "Hit@5": 0.0344311377245509,
      "Recall@5": 0.029491017964071855,
      "P@5": 0.0074850299401197605,
      "NDCG@5": 0.023079147425425585,
      "Hit@10": 0.04640718562874251,
      "Recall@10": 0.03827345309381237,
      "P@10": 0.005089820359281438,
      "NDCG@10": 0.026163640497467062,
      "Hit@50": 0.12275449101796407,
      "Recall@50": 0.08992015968063871,
      "P@50": 0.002634730538922156,
      "NDCG@50": 0.03824246264512813,
      "Hit@100": 0.22005988023952097,
      "Recall@100": 0.16112774451097803,
      "P@100": 0.0025149700598802397,
      "NDCG@100": 0.05111762785281505,
      "MRR@10": 0.025515635395874918,
      "MAP@10": 0.020759730538922154,
      "rankings_path": "experiments/21_lexical_controls/results/2026-05-19_12-59-11/rankings/tfidf__title.json"
    },
    "bm25__title": {
      "method": "bm25",
      "doc_variant": "title",
      "MRR": 0.02986307212243731,
      "MAP": 0.026518166895519907,
      "R-Precision": 0.01621756487025948,
      "Mean Rank": 297.1556886227545,
      "Median Rank": 267.0,
      "n_queries": 668,
      "Hit@1": 0.014970059880239521,
      "Recall@1": 0.012475049900199599,
      "P@1": 0.014970059880239521,
      "NDCG@1": 0.014970059880239521,
      "Hit@5": 0.03293413173652695,
      "Recall@5": 0.02644710578842315,
      "P@5": 0.007185628742514971,
      "NDCG@5": 0.021502541159192118,
      "Hit@10": 0.038922155688622756,
      "Recall@10": 0.031686626746506984,
      "P@10": 0.004191616766467066,
      "NDCG@10": 0.023192391051824704,
      "Hit@50": 0.11976047904191617,
      "Recall@50": 0.09109281437125748,
      "P@50": 0.002664670658682635,
      "NDCG@50": 0.0369521850996139,
      "Hit@100": 0.22305389221556887,
      "Recall@100": 0.17005988023952096,
      "P@100": 0.002589820359281437,
      "NDCG@100": 0.05120904142179928,
      "MRR@10": 0.022415288470677693,
      "MAP@10": 0.019435830719513356,
      "rankings_path": "experiments/21_lexical_controls/results/2026-05-19_12-59-11/rankings/bm25__title.json"
    },
    "tfidf__first_sentence": {
      "method": "tfidf",
      "doc_variant": "first_sentence",
      "MRR": 0.038237056829745424,
      "MAP": 0.027549630642626548,
      "R-Precision": 0.01372255489021956,
      "Mean Rank": 286.12125748502996,
      "Median Rank": 261.0,
      "n_queries": 668,
      "Hit@1": 0.017964071856287425,
      "Recall@1": 0.011976047904191617,
      "P@1": 0.017964071856287425,
      "NDCG@1": 0.017964071856287425,
      "Hit@5": 0.04491017964071856,
      "Recall@5": 0.028942115768463072,
      "P@5": 0.008982035928143712,
      "NDCG@5": 0.022736388174536975,
      "Hit@10": 0.07035928143712575,
      "Recall@10": 0.04563373253493014,
      "P@10": 0.007035928143712575,
      "NDCG@10": 0.02847122485815848,
      "Hit@50": 0.1751497005988024,
      "Recall@50": 0.12003493013972057,
      "P@50": 0.0035628742514970057,
      "NDCG@50": 0.04575885270898246,
      "Hit@100": 0.27095808383233533,
      "Recall@100": 0.18882235528942115,
      "P@100": 0.002919161676646707,
      "NDCG@100": 0.05826973571178995,
      "MRR@10": 0.02998764376009885,
      "MAP@10": 0.019911209327376993,
      "rankings_path": "experiments/21_lexical_controls/results/2026-05-19_12-59-11/rankings/tfidf__first_sentence.json"
    },
    "bm25__first_sentence": {
      "method": "bm25",
      "doc_variant": "first_sentence",
      "MRR": 0.03311540343663486,
      "MAP": 0.025174134119204352,
      "R-Precision": 0.012450099800399201,
      "Mean Rank": 285.92215568862275,
      "Median Rank": 255.0,
      "n_queries": 668,
      "Hit@1": 0.014970059880239521,
      "Recall@1": 0.011102794411177645,
      "P@1": 0.014970059880239521,
      "NDCG@1": 0.014970059880239521,
      "Hit@5": 0.038922155688622756,
      "Recall@5": 0.02592315369261477,
      "P@5": 0.007784431137724551,
      "NDCG@5": 0.019801000043299728,
      "Hit@10": 0.058383233532934134,
      "Recall@10": 0.038273453093812373,
      "P@10": 0.005838323353293414,
      "NDCG@10": 0.024058445328560038,
      "Hit@50": 0.17365269461077845,
      "Recall@50": 0.12090818363273453,
      "P@50": 0.0035928143712574854,
      "NDCG@50": 0.04330463463394477,
      "Hit@100": 0.27095808383233533,
      "Recall@100": 0.18894710578842314,
      "P@100": 0.002919161676646707,
      "NDCG@100": 0.05563760389843249,
      "MRR@10": 0.02425268510597852,
      "MAP@10": 0.01725919193359313,
      "rankings_path": "experiments/21_lexical_controls/results/2026-05-19_12-59-11/rankings/bm25__first_sentence.json"
    },
    "tfidf__first_50": {
      "method": "tfidf",
      "doc_variant": "first_50",
      "MRR": 0.054811168804604585,
      "MAP": 0.04203517626301965,
      "R-Precision": 0.02213073852295409,
      "Mean Rank": 261.16766467065867,
      "Median Rank": 219.5,
      "n_queries": 668,