{
  "experiment": "ft_12_storal_transfer_clustered",
  "seed": 42,
  "early_stopping_metric": "ndcg@10",
  "exact_moral_masking": true,
  "result": {
    "model_alias": "bge",
    "model_config": {
      "model_name": "BAAI/bge-base-en-v1.5",
      "batch_size": 32,
      "gradient_accumulation_steps": 1,
      "gradient_checkpointing": false,
      "learning_rate": 2e-05,
      "max_seq_length": 512,
      "query_instruction": "",
      "model_output_dir": "/data/lior/ft_12_storal_transfer_clustered/models/bge"
    },
    "size": "s500",
    "size_config": {
      "n": 500,
      "length_range": [
        56,
        195
      ],
      "description": "MORABLES p10-p90 length-matched STORAL sample."
    },
    "storal_stats": {
      "raw_total": 1779,
      "clean_total": 1675,
      "after_length_filter": 636,
      "selected": 500,
      "unique_normalized_morals": 465,
      "exact_duplicate_moral_groups": 29,
      "exact_duplicate_moral_rows": 64,
      "length_range": [
        56,
        195
      ],
      "n_requested": 500
    },
    "train_rows": 450,
    "validation_rows": 50,
    "model_dir": "/data/lior/ft_12_storal_transfer_clustered/models/bge/s500",
    "eval_doc_configs": [
      "raw"
    ],
    "summary_generator": "gemini",
    "eval_results": {
      "raw": {
        "summary_generator": null,
        "rankings_path": "/media/eimtest/data/lior/ParabeLink/finetuning/ft_12_storal_transfer_clustered/results/rankings/bge__s500__raw__none.json",
        "metrics": {
          "MRR": 0.16663125835125667,
          "MAP": 0.12910010911176548,
          "R-Precision": 0.08148702594810378,
          "Mean Rank": 106.2185628742515,
          "Median Rank": 39.5,
          "n_queries": 668,
          "Hit@1": 0.09431137724550898,
          "Recall@1": 0.06671656686626747,
          "P@1": 0.09431137724550898,
          "NDCG@1": 0.09431137724550898,
          "Hit@5": 0.22305389221556887,
          "Recall@5": 0.16095309381237521,
          "P@5": 0.04730538922155689,
          "NDCG@5": 0.12487458486254478,
          "Hit@10": 0.3263473053892216,
          "Recall@10": 0.2422654690618762,
          "P@10": 0.03607784431137725,
          "NDCG@10": 0.1540370314136852,
          "Hit@15": 0.3772455089820359,
          "Recall@15": 0.28897205588822356,
          "P@15": 0.028343313373253493,
          "NDCG@15": 0.16743230500657916,
          "Hit@50": 0.5344311377245509,
          "Recall@50": 0.44498502994011974,
          "P@50": 0.01374251497005988,
          "NDCG@50": 0.20393829394698787,
          "Hit@100": 0.6706586826347305,
          "Recall@100": 0.5763473053892215,
          "P@100": 0.008967065868263473,
          "NDCG@100": 0.22769825450990022,
          "Hit@200": 0.8008982035928144,
          "Recall@200": 0.7268463073852296,
          "P@200": 0.005755988023952096,
          "NDCG@200": 0.25154306834640705,
          "Hit@300": 0.8892215568862275,
          "Recall@300": 0.835553892215569,
          "P@300": 0.004421157684630739,
          "NDCG@300": 0.2668779126505531
        }
      }
    }
  }
}