{
  "experiment": "ft_12_storal_transfer_clustered",
  "seed": 42,
  "early_stopping_metric": "ndcg@10",
  "exact_moral_masking": true,
  "result": {
    "model_alias": "bge_m3",
    "model_config": {
      "model_name": "BAAI/bge-m3",
      "batch_size": 8,
      "gradient_accumulation_steps": 2,
      "gradient_checkpointing": true,
      "learning_rate": 2e-05,
      "max_seq_length": 512,
      "query_instruction": "",
      "model_output_dir": "/data/lior/ft_12_storal_transfer_clustered/models/bge_m3"
    },
    "size": "s200",
    "size_config": {
      "n": 200,
      "length_range": [
        56,
        195
      ],
      "description": "Small length-matched STORAL sample."
    },
    "storal_stats": {
      "raw_total": 1779,
      "clean_total": 1675,
      "after_length_filter": 636,
      "selected": 200,
      "unique_normalized_morals": 199,
      "exact_duplicate_moral_groups": 1,
      "exact_duplicate_moral_rows": 2,
      "length_range": [
        56,
        195
      ],
      "n_requested": 200
    },
    "train_rows": 180,
    "validation_rows": 20,
    "model_dir": "/data/lior/ft_12_storal_transfer_clustered/models/bge_m3/s200",
    "eval_doc_configs": [
      "fable_cot_proverb",
      "conceptual_abstract_fable",
      "fable_proverb"
    ],
    "summary_generator": "gemini",
    "eval_results": {
      "fable_cot_proverb": {
        "summary_generator": "gemini",
        "rankings_path": "/media/eimtest/data/lior/ParabeLink/finetuning/ft_12_storal_transfer_clustered/results/rankings/bge_m3__s200__fable_cot_proverb__gemini.json",
        "metrics": {
          "MRR": 0.3563809627385363,
          "MAP": 0.30923472603314384,
          "R-Precision": 0.23844810379241513,
          "Mean Rank": 56.8502994011976,
          "Median Rank": 9.0,
          "n_queries": 668,
          "Hit@1": 0.26646706586826346,
          "Recall@1": 0.19583333333333333,
          "P@1": 0.26646706586826346,
          "NDCG@1": 0.26646706586826346,
          "Hit@5": 0.4476047904191617,
          "Recall@5": 0.3696856287425149,
          "P@5": 0.11287425149700597,
          "NDCG@5": 0.31587141303158267,
          "Hit@10": 0.531437125748503,
          "Recall@10": 0.45628742514970055,
          "P@10": 0.07110778443113773,
          "NDCG@10": 0.3469578995608668,
          "Hit@15": 0.5718562874251497,
          "Recall@15": 0.4922904191616767,
          "P@15": 0.051696606786427145,
          "NDCG@15": 0.35797694234509975,
          "Hit@50": 0.7470059880239521,
          "Recall@50": 0.6701596806387224,
          "P@50": 0.020988023952095806,
          "NDCG@50": 0.39891241563449825,
          "Hit@100": 0.8293413173652695,
          "Recall@100": 0.7678642714570858,
          "P@100": 0.012095808383233533,
          "NDCG@100": 0.4166926418202195,
          "Hit@200": 0.9086826347305389,
          "Recall@200": 0.8672405189620758,
          "P@200": 0.006916167664670659,
          "NDCG@200": 0.4326230397158476,
          "Hit@300": 0.9520958083832335,
          "Recall@300": 0.9245009980039919,
          "P@300": 0.004935129740518962,
          "NDCG@300": 0.44072652019189135
        }
      },
      "conceptual_abstract_fable": {
        "summary_generator": "gemini",
        "rankings_path": "/media/eimtest/data/lior/ParabeLink/finetuning/ft_12_storal_transfer_clustered/results/rankings/bge_m3__s200__conceptual_abstract_fable__gemini.json",
        "metrics": {
          "MRR": 0.3886320171663789,
          "MAP": 0.33622635551564245,
          "R-Precision": 0.2623253493013972,
          "Mean Rank": 48.73353293413174,
          "Median Rank": 6.0,
          "n_queries": 668,
          "Hit@1": 0.28892215568862273,
          "Recall@1": 0.2133982035928144,
          "P@1": 0.28892215568862273,
          "NDCG@1": 0.28892215568862273,
          "Hit@5": 0.49101796407185627,
          "Recall@5": 0.4128992015968063,
          "P@5": 0.1224550898203593,
          "NDCG@5": 0.3474994509761998,
          "Hit@10": 0.5868263473053892,
          "Recall@10": 0.5037924151696607,
          "P@10": 0.07544910179640717,
          "NDCG@10": 0.3797153947484121,
          "Hit@15": 0.6302395209580839,
          "Recall@15": 0.5462824351297405,
          "P@15": 0.05528942115768463,
          "NDCG@15": 0.3925419029214791,
          "Hit@50": 0.7679640718562875,
          "Recall@50": 0.6966067864271458,
          "P@50": 0.021736526946107785,
          "NDCG@50": 0.42818974914755814,
          "Hit@100": 0.8607784431137725,
          "Recall@100": 0.7974550898203594,
          "P@100": 0.012514970059880238,
          "NDCG@100": 0.4465061360306756,
          "Hit@200": 0.9296407185628742,
          "Recall@200": 0.8868263473053892,
          "P@200": 0.007050898203592814,
          "NDCG@200": 0.46100094474020936,
          "Hit@300": 0.9520958083832335,
          "Recall@300": 0.9282934131736525,
          "P@300": 0.00500998003992016,
          "NDCG@300": 0.467420963337567
        }
      },
      "fable_proverb": {
        "summary_generator": "gemini",
        "rankings_path": "/media/eimtest/data/lior/ParabeLink/finetuning/ft_12_storal_transfer_clustered/results/rankings/bge_m3__s200__fable_proverb__gemini.json",
        "metrics": {
          "MRR": 0.3375526800225537,
          "MAP": 0.2876678562087984,
          "R-Precision": 0.21574351297405187,
          "Mean Rank": 57.032934131736525,
          "Median Rank": 9.0,
          "n_queries": 668,
          "Hit@1": 0.24251497005988024,
          "Recall@1": 0.17549900199600796,
          "P@1": 0.24251497005988024,
          "NDCG@1": 0.24251497005988024,
          "Hit@5": 0.4296407185628742,
          "Recall@5": 0.35359281437125745,
          "P@5": 0.10568862275449104,
          "NDCG@5": 0.29645203767279343,
          "Hit@10": 0.5089820359281437,
          "Recall@10": 0.43076347305389223,
          "P@10": 0.06601796407185628,
          "NDCG@10": 0.3243902912867543,
          "Hit@15": 0.562874251497006,
          "Recall@15": 0.4830339321357285,
          "P@15": 0.04940119760479042,
          "NDCG@15": 0.33957531792886425,
          "Hit@50": 0.718562874251497,
          "Recall@50": 0.6456836327345309,
          "P@50": 0.020209580838323356,
          "NDCG@50": 0.3772023322291328,
          "Hit@100": 0.8323353293413174,
          "Recall@100": 0.7664920159680638,
          "P@100": 0.012035928143712574,
          "NDCG@100": 0.3990613931077863,
          "Hit@200": 0.9131736526946108,
          "Recall@200": 0.8675898203592813,
          "P@200": 0.006878742514970061,
          "NDCG@200": 0.4150426185266815,
          "Hit@300": 0.9520958083832335,
          "Recall@300": 0.920758483033932,
          "P@300": 0.0048902195608782435,
          "NDCG@300": 0.4226534294531972
        }
      }
    }
  }
}