{
  "experiment": "ft_12_storal_transfer_clustered",
  "seed": 42,
  "early_stopping_metric": "ndcg@10",
  "exact_moral_masking": true,
  "result": {
    "model_alias": "bge_m3",
    "model_config": {
      "model_name": "BAAI/bge-m3",
      "batch_size": 8,
      "gradient_accumulation_steps": 2,
      "gradient_checkpointing": true,
      "learning_rate": 2e-05,
      "max_seq_length": 512,
      "query_instruction": "",
      "model_output_dir": "/data/lior/ft_12_storal_transfer_clustered/models/bge_m3"
    },
    "size": "s1000",
    "size_config": {
      "n": 1000,
      "length_range": [
        30,
        300
      ],
      "description": "Wider length-matched STORAL sample."
    },
    "storal_stats": {
      "raw_total": 1779,
      "clean_total": 1675,
      "after_length_filter": 1032,
      "selected": 1000,
      "unique_normalized_morals": 929,
      "exact_duplicate_moral_groups": 62,
      "exact_duplicate_moral_rows": 133,
      "length_range": [
        30,
        300
      ],
      "n_requested": 1000
    },
    "train_rows": 900,
    "validation_rows": 100,
    "model_dir": "/data/lior/ft_12_storal_transfer_clustered/models/bge_m3/s1000",
    "eval_doc_configs": [
      "fable_cot_proverb",
      "conceptual_abstract_fable",
      "fable_proverb"
    ],
    "summary_generator": "gemini",
    "eval_results": {
      "fable_cot_proverb": {
        "summary_generator": "gemini",
        "rankings_path": "/media/eimtest/data/lior/ParabeLink/finetuning/ft_12_storal_transfer_clustered/results/rankings/bge_m3__s1000__fable_cot_proverb__gemini.json",
        "metrics": {
          "MRR": 0.35908861334916997,
          "MAP": 0.30331303987119196,
          "R-Precision": 0.23280938123752493,
          "Mean Rank": 58.82784431137725,
          "Median Rank": 8.0,
          "n_queries": 668,
          "Hit@1": 0.26646706586826346,
          "Recall@1": 0.18972055888223552,
          "P@1": 0.26646706586826346,
          "NDCG@1": 0.26646706586826346,
          "Hit@5": 0.4535928143712575,
          "Recall@5": 0.3644211576846307,
          "P@5": 0.112874251497006,
          "NDCG@5": 0.31090566234072564,
          "Hit@10": 0.5374251497005988,
          "Recall@10": 0.4526696606786427,
          "P@10": 0.0718562874251497,
          "NDCG@10": 0.34271479022713597,
          "Hit@15": 0.5988023952095808,
          "Recall@15": 0.5161427145708583,
          "P@15": 0.05489021956087824,
          "NDCG@15": 0.36154180503654487,
          "Hit@50": 0.7365269461077845,
          "Recall@50": 0.6724550898203594,
          "P@50": 0.021287425149700598,
          "NDCG@50": 0.397194311992402,
          "Hit@100": 0.8158682634730539,
          "Recall@100": 0.7616766467065869,
          "P@100": 0.012095808383233533,
          "NDCG@100": 0.4134076828651464,
          "Hit@200": 0.9011976047904192,
          "Recall@200": 0.8608532934131736,
          "P@200": 0.0068862275449101795,
          "NDCG@200": 0.42910869257202977,
          "Hit@300": 0.9461077844311377,
          "Recall@300": 0.9195109780439122,
          "P@300": 0.004925149700598802,
          "NDCG@300": 0.4374556246792126
        }
      },
      "conceptual_abstract_fable": {
        "summary_generator": "gemini",
        "rankings_path": "/media/eimtest/data/lior/ParabeLink/finetuning/ft_12_storal_transfer_clustered/results/rankings/bge_m3__s1000__conceptual_abstract_fable__gemini.json",
        "metrics": {
          "MRR": 0.36099432609809673,
          "MAP": 0.30118366085191095,
          "R-Precision": 0.22028443113772453,
          "Mean Rank": 54.2559880239521,
          "Median Rank": 6.0,
          "n_queries": 668,
          "Hit@1": 0.2559880239520958,
          "Recall@1": 0.1784431137724551,
          "P@1": 0.2559880239520958,
          "NDCG@1": 0.2559880239520958,
          "Hit@5": 0.4880239520958084,
          "Recall@5": 0.395683632734531,
          "P@5": 0.11856287425149702,
          "NDCG@5": 0.3202419559284357,
          "Hit@10": 0.561377245508982,
          "Recall@10": 0.4745508982035928,
          "P@10": 0.0718562874251497,
          "NDCG@10": 0.34808558379869087,
          "Hit@15": 0.6002994011976048,
          "Recall@15": 0.5189121756487026,
          "P@15": 0.0529940119760479,
          "NDCG@15": 0.3614004922530855,
          "Hit@50": 0.7544910179640718,
          "Recall@50": 0.6769710578842316,
          "P@50": 0.02083832335329341,
          "NDCG@50": 0.3973367011059399,
          "Hit@100": 0.844311377245509,
          "Recall@100": 0.7808882235528942,
          "P@100": 0.012245508982035927,
          "NDCG@100": 0.4166211795138294,
          "Hit@200": 0.9176646706586826,
          "Recall@200": 0.8797654690618764,
          "P@200": 0.006998502994011975,
          "NDCG@200": 0.4324332145336858,
          "Hit@300": 0.9520958083832335,
          "Recall@300": 0.9328343313373255,
          "P@300": 0.00501996007984032,
          "NDCG@300": 0.4403827653912661
        }
      },
      "fable_proverb": {
        "summary_generator": "gemini",
        "rankings_path": "/media/eimtest/data/lior/ParabeLink/finetuning/ft_12_storal_transfer_clustered/results/rankings/bge_m3__s1000__fable_proverb__gemini.json",
        "metrics": {
          "MRR": 0.32385244155622916,
          "MAP": 0.27703476016355155,
          "R-Precision": 0.1905189620758483,
          "Mean Rank": 57.99550898203593,
          "Median Rank": 8.0,
          "n_queries": 668,
          "Hit@1": 0.218562874251497,
          "Recall@1": 0.15419161676646706,
          "P@1": 0.218562874251497,
          "NDCG@1": 0.218562874251497,
          "Hit@5": 0.4491017964071856,
          "Recall@5": 0.36966067864271457,
          "P@5": 0.11077844311377245,
          "NDCG@5": 0.2921873364719623,
          "Hit@10": 0.5299401197604791,
          "Recall@10": 0.4453592814371258,
          "P@10": 0.06826347305389222,
          "NDCG@10": 0.3200089967700552,
          "Hit@15": 0.5703592814371258,
          "Recall@15": 0.488872255489022,
          "P@15": 0.050499001996007986,
          "NDCG@15": 0.33316119195432453,
          "Hit@50": 0.7275449101796407,
          "Recall@50": 0.6514221556886227,
          "P@50": 0.02065868263473054,
          "NDCG@50": 0.3718009531483843,
          "Hit@100": 0.8143712574850299,
          "Recall@100": 0.747255489021956,
          "P@100": 0.0118562874251497,
          "NDCG@100": 0.38928426516243114,
          "Hit@200": 0.9206586826347305,
          "Recall@200": 0.8725548902195607,
          "P@200": 0.006916167664670659,
          "NDCG@200": 0.40864095094511876,
          "Hit@300": 0.9520958083832335,
          "Recall@300": 0.9217065868263473,
          "P@300": 0.004920159680638723,
          "NDCG@300": 0.41584897672407595
        }
      }
    }
  }
}