{
  "experiment": "ft_12_storal_transfer_clustered",
  "seed": 42,
  "early_stopping_metric": "ndcg@10",
  "exact_moral_masking": true,
  "result": {
    "model_alias": "bge",
    "model_config": {
      "model_name": "BAAI/bge-base-en-v1.5",
      "batch_size": 32,
      "gradient_accumulation_steps": 1,
      "gradient_checkpointing": false,
      "learning_rate": 2e-05,
      "max_seq_length": 512,
      "query_instruction": "",
      "model_output_dir": "/data/lior/ft_12_storal_transfer_clustered/models/bge"
    },
    "size": "sfull",
    "size_config": {
      "n": null,
      "length_range": null,
      "description": "All clean STORAL pairs after MORABLES duplicate removal."
    },
    "storal_stats": {
      "raw_total": 1779,
      "clean_total": 1675,
      "after_length_filter": 1675,
      "selected": 1675,
      "unique_normalized_morals": 1595,
      "exact_duplicate_moral_groups": 69,
      "exact_duplicate_moral_rows": 149,
      "length_range": null,
      "n_requested": null
    },
    "train_rows": 1507,
    "validation_rows": 168,
    "model_dir": "/data/lior/ft_12_storal_transfer_clustered/models/bge/sfull",
    "eval_doc_configs": [
      "raw"
    ],
    "summary_generator": "gemini",
    "eval_results": {
      "raw": {
        "summary_generator": null,
        "rankings_path": "/media/eimtest/data/lior/ParabeLink/finetuning/ft_12_storal_transfer_clustered/results/rankings/bge__sfull__raw__none.json",
        "metrics": {
          "MRR": 0.1835868668365264,
          "MAP": 0.14078560145835392,
          "R-Precision": 0.09545908183632734,
          "Mean Rank": 108.6062874251497,
          "Median Rank": 38.0,
          "n_queries": 668,
          "Hit@1": 0.11676646706586827,
          "Recall@1": 0.08226047904191618,
          "P@1": 0.11676646706586827,
          "NDCG@1": 0.11676646706586827,
          "Hit@5": 0.24850299401197604,
          "Recall@5": 0.18016467065868264,
          "P@5": 0.05269461077844312,
          "NDCG@5": 0.14319697072270487,
          "Hit@10": 0.3083832335329341,
          "Recall@10": 0.23231037924151693,
          "P@10": 0.03488023952095808,
          "NDCG@10": 0.16161202379429507,
          "Hit@15": 0.35778443113772457,
          "Recall@15": 0.2718063872255489,
          "P@15": 0.027544910179640718,
          "NDCG@15": 0.17337273218907753,
          "Hit@50": 0.5538922155688623,
          "Recall@50": 0.4537425149700599,
          "P@50": 0.014101796407185629,
          "NDCG@50": 0.2147994942394984,
          "Hit@100": 0.6721556886227545,
          "Recall@100": 0.5762974051896208,
          "P@100": 0.009191616766467065,
          "NDCG@100": 0.23735195541154885,
          "Hit@200": 0.8053892215568862,
          "Recall@200": 0.7411926147704591,
          "P@200": 0.005898203592814371,
          "NDCG@200": 0.26301085241398564,
          "Hit@300": 0.875748502994012,
          "Recall@300": 0.825424151696607,
          "P@300": 0.004416167664670659,
          "NDCG@300": 0.2750790003444443
        }
      }
    }
  }
}