{
  "step0_baseline_exp07": {
    "MRR": 0.7249307756570914,
    "MAP": 0.7249307756570914,
    "R-Precision": 0.62,
    "Mean Rank": 3.44,
    "Median Rank": 1.0,
    "n_queries": 50,
    "Recall@1": 0.62,
    "P@1": 0.62,
    "NDCG@1": 0.62,
    "Recall@5": 0.86,
    "P@5": 0.17199999999999996,
    "NDCG@5": 0.7506756888962015,
    "Recall@10": 0.88,
    "P@10": 0.088,
    "NDCG@10": 0.7577998326383618,
    "Recall@50": 1.0,
    "P@50": 0.02,
    "NDCG@50": 0.7871674105254436
  },
  "A": {
    "MRR": 0.6849960127591705,
    "Recall@1": 0.58,
    "n_queries": 50
  },
  "B": {
    "MRR": 0.7425361480624637,
    "Recall@1": 0.64,
    "n_queries": 50
  },
  "A_expand": {
    "MRR": 0.7199489302967563,
    "Recall@1": 0.64,
    "n_queries": 50
  },
  "B_expand": {
    "MRR": 0.7818382352941178,
    "Recall@1": 0.7,
    "n_queries": 50
  },
  "RRF_all": {
    "MRR": 0.7887222222222223,
    "Recall@1": 0.68,
    "n_queries": 50
  }
}