{
  "n_matched_pairs": 34,
  "mean_length_ratio": 0.8841834278700358,
  "setting_match_rate": 1.0,
  "fable_type_match_rate": 1.0,
  "cross_field_overlap_rate": 1.0,
  "pos_baseline_mrr": 0.28213032581453634,
  "neg_baseline_mrr": 0.21751779827696058,
  "cos_caa_meandiff_per_layer": {
    "12": 0.6860625147819519,
    "28": 0.8177526593208313
  },
  "cos_caa_lexical_per_layer": {
    "12": 0.03944094851613045,
    "28": 0.7249222993850708
  }
}