method,doc_variant,MRR,MRR@10,MAP,MAP@10,R-Precision,Hit@1,Hit@5,Hit@10,Recall@1,Recall@5,Recall@10,Recall@50,Recall@100,NDCG@10,Mean Rank,Median Rank,n_queries
tfidf,title,0.032713707304968934,0.025515635395874918,0.02736375360991733,0.020759730538922154,0.014520958083832334,0.017964071856287425,0.0344311377245509,0.04640718562874251,0.01372255489021956,0.029491017964071855,0.03827345309381237,0.08992015968063871,0.16112774451097803,0.026163640497467062,300.122754491018,283.0,668
