{
  "experiment": "ft_11_clustered",
  "seed": 42,
  "early_stopping_metric": "ndcg@10",
  "continue_on_error": true,
  "model_alias": "all_minilm",
  "model_config": {
    "model_name": "sentence-transformers/all-MiniLM-L6-v2",
    "batch_size": 64,
    "gradient_accumulation_steps": 1,
    "gradient_checkpointing": false,
    "learning_rate": 2e-05,
    "max_seq_length": 512,
    "query_instruction": "",
    "model_output_dir": "/data/lior/ft_11_clustered/models/all_minilm"
  },
  "doc_config": "raw",
  "doc_config_details": {
    "template": "{fable}",
    "summary_variant": null,
    "description": "Original fable text only."
  },
  "summary_generator": null,
  "folds_run": [
    0,
    1,
    2,
    3,
    4
  ],
  "completed_folds": [
    0,
    1,
    2,
    3,
    4
  ],
  "errors": [],
  "mean_metrics": {
    "Hit@1": 0.08831780944899562,
    "Hit@10": 0.29936034115138593,
    "Hit@100": 0.6526764672876221,
    "Hit@15": 0.35473010885422507,
    "Hit@200": 0.7769161710245764,
    "Hit@300": 0.8607339243631467,
    "Hit@5": 0.2110313096173269,
    "Hit@50": 0.5464033217371788,
    "MAP": 0.11632815988426101,
    "MRR": 0.15687507623258848,
    "Mean Rank": 117.54800807990122,
    "Median Rank": 38.6,
    "NDCG@1": 0.08831780944899562,
    "NDCG@10": 0.1367608097092447,
    "NDCG@100": 0.21820910413610184,
    "NDCG@15": 0.14973462665713064,
    "NDCG@200": 0.24233292621133615,
    "NDCG@300": 0.2567491555490057,
    "NDCG@5": 0.11243455385258405,
    "NDCG@50": 0.19615396482740488,
    "P@1": 0.08831780944899562,
    "P@10": 0.03547749971944788,
    "P@100": 0.009805970149253733,
    "P@15": 0.028841506751954515,
    "P@200": 0.006130568959712716,
    "P@300": 0.00461575580742902,
    "P@5": 0.047599596004937725,
    "P@50": 0.015419818202221974,
    "R-Precision": 0.07371002132196161,
    "Recall@1": 0.0552715744585344,
    "Recall@10": 0.21319754610406613,
    "Recall@100": 0.5702437062806269,
    "Recall@15": 0.2551556129128792,
    "Recall@200": 0.7243053529345753,
    "Recall@300": 0.8283941196274267,
    "Recall@5": 0.14402480080799013,
    "Recall@50": 0.45204036209927806,
    "n_queries": 133.6
  },
  "std_metrics": {
    "Hit@1": 0.017307606088961387,
    "Hit@10": 0.028678946824875276,
    "Hit@100": 0.0313643726411157,
    "Hit@15": 0.0329476862762856,
    "Hit@200": 0.032359878086408306,
    "Hit@300": 0.026784180902137654,
    "Hit@5": 0.023870274473562176,
    "Hit@50": 0.025825136414096454,
    "MAP": 0.011883835835007042,
    "MRR": 0.016514512648311535,
    "Mean Rank": 12.961511872848899,
    "Median Rank": 4.259107887809371,
    "NDCG@1": 0.017307606088961387,
    "NDCG@10": 0.016145287527169972,
    "NDCG@100": 0.017335774889381123,
    "NDCG@15": 0.017181155916452587,
    "NDCG@200": 0.01765719645039946,
    "NDCG@300": 0.01633960848371855,
    "NDCG@5": 0.014386790024548967,
    "NDCG@50": 0.01590037183412897,
    "P@1": 0.017307606088961387,
    "P@10": 0.004870810769271036,
    "P@100": 0.0007962586468985649,
    "P@15": 0.003530373867618883,
    "P@200": 0.0003662243856931412,
    "P@300": 0.00015762702937573446,
    "P@5": 0.006481185407043587,
    "P@50": 0.0015218927547849123,
    "R-Precision": 0.00830086233064485,
    "Recall@1": 0.007611823512337252,
    "Recall@10": 0.026417646948400337,
    "Recall@100": 0.03730818918485343,
    "Recall@15": 0.03255847604309722,
    "Recall@200": 0.041010039176726014,
    "Recall@300": 0.02949548064130541,
    "Recall@5": 0.02202864367917255,
    "Recall@50": 0.03101522740223617,
    "n_queries": 0.4898979485566356
  },
  "fold_results": [
    {
      "fold": 0,
      "n_train_pairs": 868,
      "n_train_queries": 535,
      "n_test_queries": 133,
      "rankings_path": "/media/eimtest/data/lior/ParabeLink/finetuning/ft_11_clustered/results/rankings/all_minilm__raw__none__fold_0.json",
      "metrics": {
        "MRR": 0.16219882728497712,
        "MAP": 0.11316591799121692,
        "R-Precision": 0.0769423558897243,
        "Mean Rank": 125.3157894736842,
        "Median Rank": 43.0,
        "n_queries": 133,
        "Hit@1": 0.10526315789473684,
        "Recall@1": 0.05764411027568922,
        "P@1": 0.10526315789473684,
        "NDCG@1": 0.10526315789473684,
        "Hit@5": 0.20300751879699247,
        "Recall@5": 0.12706766917293233,
        "P@5": 0.05263157894736842,
        "NDCG@5": 0.10805177675616147,
        "Hit@10": 0.2932330827067669,
        "Recall@10": 0.20501253132832079,
        "P@10": 0.039097744360902256,
        "NDCG@10": 0.13537818047850383,
        "Hit@15": 0.3383458646616541,
        "Recall@15": 0.2275689223057644,
        "P@15": 0.029573934837092735,
        "NDCG@15": 0.14283789856243104,
        "Hit@50": 0.5112781954887218,
        "Recall@50": 0.425062656641604,
        "P@50": 0.015639097744360904,
        "NDCG@50": 0.19018562010098478,
        "Hit@100": 0.631578947368421,
        "Recall@100": 0.5565162907268171,
        "P@100": 0.010075187969924813,
        "NDCG@100": 0.21455572135519504,
        "Hit@200": 0.7593984962406015,
        "Recall@200": 0.7105263157894737,
        "P@200": 0.006240601503759399,
        "NDCG@200": 0.2386261546675843,
        "Hit@300": 0.849624060150376,
        "Recall@300": 0.8145363408521303,
        "P@300": 0.0046115288220551385,
        "NDCG@300": 0.2524979133143905
      }
    },
    {
      "fold": 1,
      "n_train_pairs": 868,
      "n_train_queries": 535,
      "n_test_queries": 133,
      "rankings_path": "/media/eimtest/data/lior/ParabeLink/finetuning/ft_11_clustered/results/rankings/all_minilm__raw__none__fold_1.json",
      "metrics": {
        "MRR": 0.14068537694012614,
        "MAP": 0.10233704182494091,
        "R-Precision": 0.0587719298245614,
        "Mean Rank": 115.84962406015038,
        "Median Rank": 33.0,
        "n_queries": 133,
        "Hit@1": 0.06766917293233082,
        "Recall@1": 0.040977443609022564,
        "P@1": 0.06766917293233082,
        "NDCG@1": 0.06766917293233082,
        "Hit@5": 0.18796992481203006,
        "Recall@5": 0.11954887218045111,
        "P@5": 0.03909774436090226,
        "NDCG@5": 0.09323493285907439,
        "Hit@10": 0.2781954887218045,
        "Recall@10": 0.18734335839598995,
        "P@10": 0.03082706766917293,
        "NDCG@10": 0.11753186688885484,
        "Hit@15": 0.3308270676691729,
        "Recall@15": 0.24335839598997494,
        "P@15": 0.027568922305764413,
        "NDCG@15": 0.1347858611193157,
        "Hit@50": 0.5789473684210527,
        "Recall@50": 0.47531328320802013,
        "P@50": 0.015639097744360904,
        "NDCG@50": 0.1880094523782746,
        "Hit@100": 0.6616541353383458,
        "Recall@100": 0.5734335839598997,
        "P@100": 0.00992481203007519,
        "NDCG@100": 0.20734489756586783,
        "Hit@200": 0.7744360902255639,
        "Recall@200": 0.7240601503759398,
        "P@200": 0.006240601503759399,
        "NDCG@200": 0.2314922224259032,
        "Hit@300": 0.8421052631578947,
        "Recall@300": 0.8095238095238094,
        "P@300": 0.004611528822055138,
        "NDCG@300": 0.24344479441195715
      }
    },
    {
      "fold": 2,
      "n_train_pairs": 868,
      "n_train_queries": 534,
      "n_test_queries": 134,
      "rankings_path": "/media/eimtest/data/lior/ParabeLink/finetuning/ft_11_clustered/results/rankings/all_minilm__raw__none__fold_2.json",
      "metrics": {
        "MRR": 0.16849653989682067,
        "MAP": 0.12520410779111557,
        "R-Precision": 0.07972636815920398,
        "Mean Rank": 117.38059701492537,
        "Median Rank": 35.5,
        "n_queries": 134,
        "Hit@1": 0.09701492537313433,
        "Recall@1": 0.060572139303482576,
        "P@1": 0.09701492537313433,
        "NDCG@1": 0.09701492537313433,
        "Hit@5": 0.23134328358208955,
        "Recall@5": 0.16430348258706468,
        "P@5": 0.05223880597014925,
        "NDCG@5": 0.1253210208287882,
        "Hit@10": 0.3358208955223881,
        "Recall@10": 0.24353233830845772,
        "P@10": 0.039552238805970155,