{
  "experiment": "ft_11_clustered",
  "seed": 42,
  "early_stopping_metric": "ndcg@10",
  "continue_on_error": true,
  "model_alias": "bge_large",
  "model_config": {
    "model_name": "BAAI/bge-large-en-v1.5",
    "batch_size": 16,
    "gradient_accumulation_steps": 2,
    "gradient_checkpointing": false,
    "learning_rate": 2e-05,
    "max_seq_length": 512,
    "query_instruction": "",
    "model_output_dir": "/data/lior/ft_11_clustered/models/bge_large"
  },
  "doc_config": "raw",
  "doc_config_details": {
    "template": "{fable}",
    "summary_variant": null,
    "description": "Original fable text only."
  },
  "summary_generator": null,
  "folds_run": [
    0,
    1,
    2,
    3,
    4
  ],
  "completed_folds": [
    0,
    1,
    2,
    3,
    4
  ],
  "errors": [],
  "mean_metrics": {
    "Hit@1": 0.18409830546515543,
    "Hit@10": 0.4130961732689934,
    "Hit@100": 0.7394905173381214,
    "Hit@15": 0.45496577264055665,
    "Hit@200": 0.8502861631691168,
    "Hit@300": 0.9086634496689484,
    "Hit@5": 0.3172932330827068,
    "Hit@50": 0.6256649085400068,
    "MAP": 0.23058262803949647,
    "MRR": 0.2588093659496896,
    "Mean Rank": 85.90742902031198,
    "Median Rank": 21.9,
    "NDCG@1": 0.18409830546515543,
    "NDCG@10": 0.25996751245723476,
    "NDCG@100": 0.3359218508614557,
    "NDCG@15": 0.27323160175189193,
    "NDCG@200": 0.35412350488679206,
    "NDCG@300": 0.3620067341440057,
    "NDCG@5": 0.22366741763438897,
    "NDCG@50": 0.3140927867576947,
    "P@1": 0.18409830546515543,
    "P@10": 0.07829536527886882,
    "P@100": 0.012859611715856806,
    "P@15": 0.05688624546440729,
    "P@200": 0.007193188194366514,
    "P@300": 0.005034975498447612,
    "P@5": 0.11766131747278645,
    "P@50": 0.022306587363932217,
    "R-Precision": 0.16798339131410617,
    "Recall@1": 0.09070755246324766,
    "Recall@10": 0.36403359144128977,
    "Recall@100": 0.7153591067220288,
    "Recall@15": 0.40975778999738155,
    "Recall@200": 0.8397244978116933,
    "Recall@300": 0.9002523098791755,
    "Recall@5": 0.2639013578722927,
    "Recall@50": 0.5902264990835298,
    "n_queries": 133.6
  },
  "std_metrics": {
    "Hit@1": 0.02363665236172619,
    "Hit@10": 0.02526690269895095,
    "Hit@100": 0.029936232339346676,
    "Hit@15": 0.03677389435814935,
    "Hit@200": 0.0157758888780199,
    "Hit@300": 0.021947150853322793,
    "Hit@5": 0.03765740157742705,
    "Hit@50": 0.029887208432652204,
    "MAP": 0.02582398394186185,
    "MRR": 0.021869419032811994,
    "Mean Rank": 5.487140950692504,
    "Median Rank": 5.571355310873648,
    "NDCG@1": 0.02363665236172619,
    "NDCG@10": 0.02535365556566684,
    "NDCG@100": 0.0220531316942581,
    "NDCG@15": 0.027164466393138534,
    "NDCG@200": 0.020598308637550217,
    "NDCG@300": 0.023227885541608782,
    "NDCG@5": 0.030009763110141308,
    "NDCG@50": 0.025019391550179182,
    "P@1": 0.02363665236172619,
    "P@10": 0.004417646728872669,
    "P@100": 0.000639988496094519,
    "P@15": 0.0037584805925616155,
    "P@200": 0.00012954445154684407,
    "P@300": 8.305918270404103e-05,
    "P@5": 0.012362878451233905,
    "P@50": 0.0012694751980504746,
    "R-Precision": 0.02776032463000371,
    "Recall@1": 0.02255819436080023,
    "Recall@10": 0.02771819643325001,
    "Recall@100": 0.035714709825676594,
    "Recall@15": 0.03410178666886003,
    "Recall@200": 0.01514915450078953,
    "Recall@300": 0.02155639046823725,
    "Recall@5": 0.039481992721614456,
    "Recall@50": 0.03354976763256849,
    "n_queries": 0.4898979485566356
  },
  "fold_results": [
    {
      "fold": 0,
      "n_train_pairs": 868,
      "n_train_queries": 535,
      "n_test_queries": 133,
      "rankings_path": "/media/eimtest/data/lior/ParabeLink/finetuning/ft_11_clustered/results/rankings/bge_large__raw__none__fold_0.json",
      "metrics": {
        "MRR": 0.24311546737760614,
        "MAP": 0.21441816727583837,
        "R-Precision": 0.15401002506265665,
        "Mean Rank": 91.0,
        "Median Rank": 31.0,
        "n_queries": 133,
        "Hit@1": 0.18045112781954886,
        "Recall@1": 0.0781954887218045,
        "P@1": 0.18045112781954886,
        "NDCG@1": 0.18045112781954886,
        "Hit@5": 0.2932330827067669,
        "Recall@5": 0.2486215538847118,
        "P@5": 0.11729323308270678,
        "NDCG@5": 0.20782364290848945,
        "Hit@10": 0.37593984962406013,
        "Recall@10": 0.3456140350877193,
        "P@10": 0.07894736842105263,
        "NDCG@10": 0.2442511100070195,
        "Hit@15": 0.41353383458646614,
        "Recall@15": 0.37719298245614036,
        "P@15": 0.055639097744360905,
        "NDCG@15": 0.2533192088779677,
        "Hit@50": 0.5714285714285714,
        "Recall@50": 0.5360902255639097,
        "P@50": 0.02180451127819549,
        "NDCG@50": 0.290545479092641,
        "Hit@100": 0.706766917293233,
        "Recall@100": 0.6704260651629071,
        "P@100": 0.012481203007518798,
        "NDCG@100": 0.31336050406874966,
        "Hit@200": 0.8421052631578947,
        "Recall@200": 0.8245614035087718,
        "P@200": 0.007142857142857144,
        "NDCG@200": 0.3354635791006134,
        "Hit@300": 0.9172932330827067,
        "Recall@300": 0.8984962406015038,
        "P@300": 0.005037593984962407,
        "NDCG@300": 0.3449785662790078
      }
    },
    {
      "fold": 1,
      "n_train_pairs": 868,
      "n_train_queries": 535,
      "n_test_queries": 133,
      "rankings_path": "/media/eimtest/data/lior/ParabeLink/finetuning/ft_11_clustered/results/rankings/bge_large__raw__none__fold_1.json",
      "metrics": {
        "MRR": 0.24522160673647475,
        "MAP": 0.2116176083509262,
        "R-Precision": 0.14486215538847116,
        "Mean Rank": 91.97744360902256,
        "Median Rank": 25.0,
        "n_queries": 133,
        "Hit@1": 0.16541353383458646,
        "Recall@1": 0.06253132832080201,
        "P@1": 0.16541353383458646,
        "NDCG@1": 0.16541353383458646,
        "Hit@5": 0.2932330827067669,
        "Recall@5": 0.23195488721804514,
        "P@5": 0.11578947368421053,
        "NDCG@5": 0.20095077964359281,
        "Hit@10": 0.39849624060150374,
        "Recall@10": 0.34022556390977443,
        "P@10": 0.07894736842105263,
        "NDCG@10": 0.2402067603784065,
        "Hit@15": 0.41353383458646614,
        "Recall@15": 0.3771929824561404,
        "P@15": 0.05814536340852131,
        "NDCG@15": 0.25213070983180813,
        "Hit@50": 0.6240601503759399,
        "Recall@50": 0.5989974937343359,
        "P@50": 0.02360902255639098,
        "NDCG@50": 0.3013476674896197,
        "Hit@100": 0.7518796992481203,
        "Recall@100": 0.7368421052631579,
        "P@100": 0.013458646616541354,
        "NDCG@100": 0.3244796012821615,
        "Hit@200": 0.849624060150376,
        "Recall@200": 0.8408521303258145,
        "P@200": 0.0072932330827067664,
        "NDCG@200": 0.33933844230330945,
        "Hit@300": 0.8872180451127819,
        "Recall@300": 0.8872180451127819,
        "P@300": 0.00506265664160401,
        "NDCG@300": 0.34555016092935453
      }
    },
    {
      "fold": 2,
      "n_train_pairs": 868,
      "n_train_queries": 534,
      "n_test_queries": 134,
      "rankings_path": "/media/eimtest/data/lior/ParabeLink/finetuning/ft_11_clustered/results/rankings/bge_large__raw__none__fold_2.json",
      "metrics": {
        "MRR": 0.3019817122929663,
        "MAP": 0.28071255446919624,
        "R-Precision": 0.22238805970149253,
        "Mean Rank": 78.56716417910448,
        "Median Rank": 15.0,
        "n_queries": 134,
        "Hit@1": 0.22388059701492538,
        "Recall@1": 0.13022388059701492,
        "P@1": 0.22388059701492538,
        "NDCG@1": 0.22388059701492538,
        "Hit@5": 0.373134328358209,
        "Recall@5": 0.325,
        "P@5": 0.14029850746268654,
        "NDCG@5": 0.2791663328801903,
        "Hit@10": 0.44776119402985076,
        "Recall@10": 0.4072139303482587,
        "P@10": 0.08582089552238806,
        "NDCG@10": 0.30734125350148067,
        "Hit@15": 0.5074626865671642,