{
  "experiment": "ft_11_clustered",
  "seed": 42,
  "early_stopping_metric": "ndcg@10",
  "continue_on_error": true,
  "model_alias": "qwen3_0_6b",
  "model_config": {
    "model_name": "Qwen/Qwen3-Embedding-0.6B",
    "batch_size": 4,
    "gradient_accumulation_steps": 4,
    "gradient_checkpointing": true,
    "learning_rate": 0.0001,
    "max_seq_length": 512,
    "trust_remote_code": true,
    "model_kwargs": {
      "torch_dtype": "auto"
    },
    "query_instruction": "Instruct: Given a text, retrieve the most relevant passage that answers the query\nQuery: ",
    "lora": {
      "r": 64,
      "alpha": 128,
      "dropout": 0.05,
      "target_modules": [
        "q_proj",
        "k_proj",
        "v_proj",
        "o_proj"
      ]
    },
    "model_output_dir": "/data/lior/ft_11_clustered/models/qwen3_0_6b"
  },
  "doc_config": "raw",
  "doc_config_details": {
    "template": "{fable}",
    "summary_variant": null,
    "description": "Original fable text only."
  },
  "summary_generator": null,
  "folds_run": [
    0,
    1,
    2,
    3,
    4
  ],
  "completed_folds": [
    0,
    1,
    2,
    3,
    4
  ],
  "errors": [],
  "mean_metrics": {
    "Hit@1": 0.1795870272696667,
    "Hit@10": 0.43260015710919086,
    "Hit@100": 0.76334867018292,
    "Hit@15": 0.4879587027269666,
    "Hit@200": 0.8817528896869039,
    "Hit@300": 0.9116821905510044,
    "Hit@5": 0.34579732914375494,
    "Hit@50": 0.6615868028279654,
    "MAP": 0.21674305130328958,
    "MRR": 0.2641826552474017,
    "Mean Rank": 78.74865896083493,
    "Median Rank": 17.8,
    "NDCG@1": 0.1795870272696667,
    "NDCG@10": 0.24939149491242332,
    "NDCG@100": 0.33387689247326147,
    "NDCG@15": 0.26761763526662374,
    "NDCG@200": 0.3538039397733597,
    "NDCG@300": 0.35931228906004486,
    "NDCG@5": 0.21800605945018475,
    "NDCG@50": 0.31153121687381213,
    "P@1": 0.1795870272696667,
    "P@10": 0.06767253955784985,
    "P@100": 0.012693749298619685,
    "P@15": 0.05200014962780085,
    "P@200": 0.007223375603187072,
    "P@300": 0.005005162159129167,
    "P@5": 0.10120525193580968,
    "P@50": 0.021526876893726853,
    "R-Precision": 0.15291905135974265,
    "Recall@1": 0.10525735981745407,
    "Recall@10": 0.3515183481090787,
    "Recall@100": 0.725771518348109,
    "Recall@15": 0.4119202857890996,
    "Recall@200": 0.8604032469232784,
    "Recall@300": 0.9006609808102345,
    "Recall@5": 0.2652296786742977,
    "Recall@50": 0.6014577488497362,
    "n_queries": 133.6
  },
  "std_metrics": {
    "Hit@1": 0.020687225168060548,
    "Hit@10": 0.035649764796771684,
    "Hit@100": 0.041691859931270385,
    "Hit@15": 0.028973211294683558,
    "Hit@200": 0.020825408356211043,
    "Hit@300": 0.01287995227519474,
    "Hit@5": 0.02058686534614438,
    "Hit@50": 0.03675971043131992,
    "MAP": 0.010717544305189428,
    "MRR": 0.011216218949790408,
    "Mean Rank": 12.331234810486288,
    "Median Rank": 4.985980344927164,
    "NDCG@1": 0.020687225168060548,
    "NDCG@10": 0.011452461261200727,
    "NDCG@100": 0.014316997299810322,
    "NDCG@15": 0.011558539642625968,
    "NDCG@200": 0.010205910718124064,
    "NDCG@300": 0.009760822861301742,
    "NDCG@5": 0.008614625773986586,
    "NDCG@50": 0.012971764608825433,
    "P@1": 0.020687225168060548,
    "P@10": 0.006802299607227815,
    "P@100": 0.0002590531259140795,
    "P@15": 0.004024165501127069,
    "P@200": 0.00015333019457823555,
    "P@300": 7.421406940591058e-05,
    "P@5": 0.009508089568652484,
    "P@50": 0.0006288052208725641,
    "R-Precision": 0.018803632452762276,
    "Recall@1": 0.017798672580724928,
    "Recall@10": 0.023511946242483112,
    "Recall@100": 0.03994059226580496,
    "Recall@15": 0.02594208639662531,
    "Recall@200": 0.020152142706788497,
    "Recall@300": 0.012637276838435125,
    "Recall@5": 0.012430509237874702,
    "Recall@50": 0.032984292124500644,
    "n_queries": 0.4898979485566356
  },
  "fold_results": [
    {
      "fold": 0,
      "n_train_pairs": 868,
      "n_train_queries": 535,
      "n_test_queries": 133,
      "rankings_path": "/media/eimtest/data/lior/ParabeLink/finetuning/ft_11_clustered/results/rankings/qwen3_0_6b__raw__none__fold_0.json",
      "metrics": {
        "MRR": 0.24992851775020175,
        "MAP": 0.20454957118454348,
        "R-Precision": 0.1231829573934837,
        "Mean Rank": 66.18796992481202,
        "Median Rank": 17.0,
        "n_queries": 133,
        "Hit@1": 0.15789473684210525,
        "Recall@1": 0.08546365914786966,
        "P@1": 0.15789473684210525,
        "NDCG@1": 0.15789473684210525,
        "Hit@5": 0.3533834586466165,
        "Recall@5": 0.2735588972431078,
        "P@5": 0.09774436090225565,
        "NDCG@5": 0.20863345481065032,
        "Hit@10": 0.43609022556390975,
        "Recall@10": 0.35914786967418544,
        "P@10": 0.06616541353383458,
        "NDCG@10": 0.24069698874057083,
        "Hit@15": 0.48872180451127817,
        "Recall@15": 0.4233082706766917,
        "P@15": 0.05213032581453634,
        "NDCG@15": 0.26062612988524764,
        "Hit@50": 0.6691729323308271,
        "Recall@50": 0.6057644110275688,
        "P@50": 0.02150375939849624,
        "NDCG@50": 0.3043404251181712,
        "Hit@100": 0.7593984962406015,
        "Recall@100": 0.7140350877192982,
        "P@100": 0.012481203007518798,
        "NDCG@100": 0.3240262793787675,
        "Hit@200": 0.9172932330827067,
        "Recall@200": 0.8947368421052632,
        "P@200": 0.0074060150375939845,
        "NDCG@200": 0.35079021564762763,
        "Hit@300": 0.9323308270676691,
        "Recall@300": 0.9210526315789473,
        "P@300": 0.005087719298245615,
        "NDCG@300": 0.3546182680917711
      }
    },
    {
      "fold": 1,
      "n_train_pairs": 868,
      "n_train_queries": 535,
      "n_test_queries": 133,
      "rankings_path": "/media/eimtest/data/lior/ParabeLink/finetuning/ft_11_clustered/results/rankings/qwen3_0_6b__raw__none__fold_1.json",
      "metrics": {
        "MRR": 0.2511296063643685,
        "MAP": 0.20798904972475218,
        "R-Precision": 0.14924812030075188,
        "Mean Rank": 102.41353383458646,
        "Median Rank": 27.0,
        "n_queries": 133,
        "Hit@1": 0.16541353383458646,
        "Recall@1": 0.08696741854636592,
        "P@1": 0.16541353383458646,
        "NDCG@1": 0.16541353383458646,
        "Hit@5": 0.3308270676691729,
        "Recall@5": 0.24699248120300749,
        "P@5": 0.10977443609022558,
        "NDCG@5": 0.2087556992122934,
        "Hit@10": 0.40601503759398494,
        "Recall@10": 0.32481203007518794,
        "P@10": 0.07443609022556391,
        "NDCG@10": 0.23982732901779397,
        "Hit@15": 0.44360902255639095,
        "Recall@15": 0.3632832080200501,
        "P@15": 0.05463659147869675,
        "NDCG@15": 0.2518296398212109,
        "Hit@50": 0.5939849624060151,
        "Recall@50": 0.5375939849624061,
        "P@50": 0.02150375939849624,
        "NDCG@50": 0.291018843255374,
        "Hit@100": 0.6842105263157895,
        "Recall@100": 0.6528822055137845,
        "P@100": 0.012330827067669173,
        "NDCG@100": 0.31104580194045656,
        "Hit@200": 0.8571428571428571,
        "Recall@200": 0.8421052631578947,
        "P@200": 0.007255639097744361,
        "NDCG@200": 0.33794218741815146,
        "Hit@300": 0.8947368421052632,
        "Recall@300": 0.8884711779448621,
        "P@300": 0.005037593984962406,
        "NDCG@300": 0.34415948800032486
      }
    },
    {
      "fold": 2,
      "n_train_pairs": 868,
      "n_train_queries": 534,
      "n_test_queries": 134,
      "rankings_path": "/media/eimtest/data/lior/ParabeLink/finetuning/ft_11_clustered/results/rankings/qwen3_0_6b__raw__none__fold_2.json",
      "metrics": {
        "MRR": 0.2719934786188875,
        "MAP": 0.2311351966417746,
        "R-Precision": 0.17711442786069653,
        "Mean Rank": 74.13432835820896,
        "Median Rank": 12.5,
        "n_queries": 134,
        "Hit@1": 0.17164179104477612,
        "Recall@1": 0.13308457711442787,