{
  "experiment": "ft_11_clustered",
  "seed": 42,
  "early_stopping_metric": "ndcg@10",
  "continue_on_error": true,
  "model_alias": "linq",
  "model_config": {
    "model_name": "Linq-AI-Research/Linq-Embed-Mistral",
    "batch_size": 4,
    "gradient_accumulation_steps": 4,
    "gradient_checkpointing": true,
    "learning_rate": 0.0001,
    "max_seq_length": 512,
    "model_kwargs": {
      "torch_dtype": "auto"
    },
    "query_instruction": "Instruct: Given a moral statement, retrieve the fable that best conveys this moral.\nQuery: ",
    "lora": {
      "r": 64,
      "alpha": 128,
      "dropout": 0.05,
      "target_modules": [
        "q_proj",
        "k_proj",
        "v_proj",
        "o_proj"
      ]
    },
    "model_output_dir": "/data/lior/ft_11_clustered/models/linq"
  },
  "doc_config": "raw",
  "doc_config_details": {
    "template": "{fable}",
    "summary_variant": null,
    "description": "Original fable text only."
  },
  "summary_generator": null,
  "folds_run": [
    0,
    1,
    2,
    3,
    4
  ],
  "completed_folds": [
    0,
    1,
    2,
    3,
    4
  ],
  "errors": [],
  "mean_metrics": {
    "Hit@1": 0.362215239591516,
    "Hit@10": 0.6884749186398833,
    "Hit@100": 0.901110986421277,
    "Hit@15": 0.7349006845471888,
    "Hit@200": 0.9550667714061273,
    "Hit@300": 0.9730333295926383,
    "Hit@5": 0.58220177308944,
    "Hit@50": 0.85916283245427,
    "MAP": 0.42379154397239105,
    "MRR": 0.4683229158831234,
    "Mean Rank": 33.164852429581416,
    "Median Rank": 3.1,
    "NDCG@1": 0.362215239591516,
    "NDCG@10": 0.47722584202213325,
    "NDCG@100": 0.5373682451234811,
    "NDCG@15": 0.4963823855667119,
    "NDCG@200": 0.5462013069310243,
    "NDCG@300": 0.5488900410151552,
    "NDCG@5": 0.4297103353408865,
    "NDCG@50": 0.5279021727177586,
    "P@1": 0.362215239591516,
    "P@10": 0.10929413084951183,
    "P@100": 0.014880035910672204,
    "P@15": 0.08024239703736954,
    "P@200": 0.007806980136909438,
    "P@300": 0.005289454980735421,
    "P@5": 0.16829087644484345,
    "P@50": 0.028114016384244194,
    "R-Precision": 0.32481203007518794,
    "Recall@1": 0.25186829012830586,
    "Recall@10": 0.631380690532301,
    "Recall@100": 0.8878472300153369,
    "Recall@15": 0.6943786705569895,
    "Recall@200": 0.9479603860397262,
    "Recall@300": 0.9680469831294655,
    "Recall@5": 0.5016636741106497,
    "Recall@50": 0.8337002955149065,
    "n_queries": 133.6
  },
  "std_metrics": {
    "Hit@1": 0.030173964355297532,
    "Hit@10": 0.04229777889948312,
    "Hit@100": 0.02812832130744335,
    "Hit@15": 0.03659293945832061,
    "Hit@200": 0.012635808654214957,
    "Hit@300": 0.010194546276070497,
    "Hit@5": 0.04573453343535864,
    "Hit@50": 0.03543215864012796,
    "MAP": 0.024148284573437095,
    "MRR": 0.03482999014679328,
    "Mean Rank": 7.242807621334663,
    "Median Rank": 0.8,
    "NDCG@1": 0.030173964355297532,
    "NDCG@10": 0.025810986669866847,
    "NDCG@100": 0.026271339375461993,
    "NDCG@15": 0.02588394345334638,
    "NDCG@200": 0.023223950169480687,
    "NDCG@300": 0.02310399718949423,
    "NDCG@5": 0.028766981444992127,
    "NDCG@50": 0.024434377008161798,
    "P@1": 0.030173964355297532,
    "P@10": 0.0035364591663439486,
    "P@100": 8.701813451130379e-05,
    "P@15": 0.0012675766638554188,
    "P@200": 9.423668673351459e-05,
    "P@300": 4.150883935548286e-05,
    "P@5": 0.008286983952601785,
    "P@50": 0.0006658147710813908,
    "R-Precision": 0.022154749602882193,
    "Recall@1": 0.03446510931764007,
    "Recall@10": 0.023459690278671178,
    "Recall@100": 0.02326286108588974,
    "Recall@15": 0.023651306996747445,
    "Recall@200": 0.015302837009226125,
    "Recall@300": 0.011267280466819418,
    "Recall@5": 0.029993189255671886,
    "Recall@50": 0.029131846767866388,
    "n_queries": 0.4898979485566356
  },
  "fold_results": [
    {
      "fold": 0,
      "n_train_pairs": 868,
      "n_train_queries": 535,
      "n_test_queries": 133,
      "rankings_path": "/media/eimtest/data/lior/ParabeLink/finetuning/ft_11_clustered/results/rankings/linq__raw__none__fold_0.json",
      "metrics": {
        "MRR": 0.464302138570163,
        "MAP": 0.41891335518812123,
        "R-Precision": 0.3218045112781955,
        "Mean Rank": 43.67669172932331,
        "Median Rank": 3.0,
        "n_queries": 133,
        "Hit@1": 0.3684210526315789,
        "Recall@1": 0.23571428571428574,
        "P@1": 0.3684210526315789,
        "NDCG@1": 0.3684210526315789,
        "Hit@5": 0.556390977443609,
        "Recall@5": 0.4916040100250626,
        "P@5": 0.18045112781954886,
        "NDCG@5": 0.42579950865385524,
        "Hit@10": 0.631578947368421,
        "Recall@10": 0.6033834586466166,
        "P@10": 0.11278195488721804,
        "NDCG@10": 0.4668722008940699,
        "Hit@15": 0.6917293233082706,
        "Recall@15": 0.6697994987468672,
        "P@15": 0.0807017543859649,
        "NDCG@15": 0.4852369626342521,
        "Hit@50": 0.8345864661654135,
        "Recall@50": 0.818295739348371,
        "P@50": 0.028270676691729328,
        "NDCG@50": 0.519066979088828,
        "Hit@100": 0.8947368421052632,
        "Recall@100": 0.8771929824561403,
        "P@100": 0.014887218045112782,
        "NDCG@100": 0.528718585798314,
        "Hit@200": 0.9323308270676691,
        "Recall@200": 0.9210526315789473,
        "P@200": 0.007706766917293232,
        "NDCG@200": 0.5350938130670286,
        "Hit@300": 0.9624060150375939,
        "Recall@300": 0.9548872180451128,
        "P@300": 0.005263157894736842,
        "NDCG@300": 0.5394589921226497
      }
    },
    {
      "fold": 1,
      "n_train_pairs": 868,
      "n_train_queries": 535,
      "n_test_queries": 133,
      "rankings_path": "/media/eimtest/data/lior/ParabeLink/finetuning/ft_11_clustered/results/rankings/linq__raw__none__fold_1.json",
      "metrics": {
        "MRR": 0.4170303219180947,
        "MAP": 0.3887801802058224,
        "R-Precision": 0.30225563909774433,
        "Mean Rank": 38.774436090225564,
        "Median Rank": 4.0,
        "n_queries": 133,
        "Hit@1": 0.3157894736842105,
        "Recall@1": 0.1993734335839599,
        "P@1": 0.3157894736842105,
        "NDCG@1": 0.3157894736842105,
        "Hit@5": 0.518796992481203,
        "Recall@5": 0.456390977443609,
        "P@5": 0.17443609022556392,
        "NDCG@5": 0.38825039804919,
        "Hit@10": 0.6466165413533834,
        "Recall@10": 0.6050125313283208,
        "P@10": 0.11428571428571428,
        "NDCG@10": 0.44133536658166317,
        "Hit@15": 0.6917293233082706,
        "Recall@15": 0.6639097744360902,
        "P@15": 0.08170426065162907,
        "NDCG@15": 0.4583821641181109,
        "Hit@50": 0.8045112781954887,
        "Recall@50": 0.7942355889724311,
        "P@50": 0.0281203007518797,
        "NDCG@50": 0.4873010325257677,
        "Hit@100": 0.849624060150376,
        "Recall@100": 0.8471177944862156,
        "P@100": 0.014736842105263158,
        "NDCG@100": 0.4960747017381785,
        "Hit@200": 0.9624060150375939,
        "Recall@200": 0.9624060150375939,
        "P@200": 0.007969924812030075,
        "NDCG@200": 0.5125053139405938,
        "Hit@300": 0.9699248120300752,
        "Recall@300": 0.9699248120300752,
        "P@300": 0.0053383458646616535,
        "NDCG@300": 0.5134715714160597
      }
    },
    {
      "fold": 2,
      "n_train_pairs": 868,
      "n_train_queries": 534,
      "n_test_queries": 134,
      "rankings_path": "/media/eimtest/data/lior/ParabeLink/finetuning/ft_11_clustered/results/rankings/linq__raw__none__fold_2.json",
      "metrics": {
        "MRR": 0.45370577864690964,
        "MAP": 0.419833949111848,
        "R-Precision": 0.32699004975124374,
        "Mean Rank": 27.507462686567163,
        "Median Rank": 4.0,
        "n_queries": 134,
        "Hit@1": 0.3582089552238806,
        "Recall@1": 0.27114427860696516,
        "P@1": 0.3582089552238806,
        "NDCG@1": 0.3582089552238806,
        "Hit@5": 0.5671641791044776,