{
  "experiment": "ft_11_clustered",
  "seed": 42,
  "early_stopping_metric": "ndcg@10",
  "continue_on_error": true,
  "model_alias": "sfr",
  "model_config": {
    "model_name": "Salesforce/SFR-Embedding-Mistral",
    "batch_size": 2,
    "gradient_accumulation_steps": 8,
    "gradient_checkpointing": true,
    "learning_rate": 0.0001,
    "max_seq_length": 512,
    "model_kwargs": {
      "torch_dtype": "auto"
    },
    "query_instruction": "Instruct: Given a moral statement, retrieve the fable that best conveys this moral.\nQuery: ",
    "lora": {
      "r": 64,
      "alpha": 128,
      "dropout": 0.05,
      "target_modules": [
        "q_proj",
        "k_proj",
        "v_proj",
        "o_proj"
      ]
    },
    "model_output_dir": "/data/lior/ft_11_clustered/models/sfr"
  },
  "doc_config": "raw",
  "doc_config_details": {
    "template": "{fable}",
    "summary_variant": null,
    "description": "Original fable text only."
  },
  "summary_generator": null,
  "folds_run": [
    0,
    1,
    2,
    3,
    4
  ],
  "completed_folds": [
    0,
    1,
    2,
    3,
    4
  ],
  "errors": [],
  "mean_metrics": {
    "Hit@1": 0.3278419930423072,
    "Hit@10": 0.6705756929637526,
    "Hit@100": 0.9161598024913029,
    "Hit@15": 0.719986533497924,
    "Hit@200": 0.9685444955672764,
    "Hit@300": 0.9805633486701829,
    "Hit@5": 0.568813825608798,
    "Hit@50": 0.863685332734822,
    "MAP": 0.39319820233854197,
    "MRR": 0.44318362896094926,
    "Mean Rank": 29.217989002356642,
    "Median Rank": 3.4,
    "NDCG@1": 0.3278419930423072,
    "NDCG@10": 0.44995366364536205,
    "NDCG@100": 0.516481204559583,
    "NDCG@15": 0.46795864825170436,
    "NDCG@200": 0.5258536435287298,
    "NDCG@300": 0.527769004645023,
    "NDCG@5": 0.4051726843162656,
    "NDCG@50": 0.506654149343548,
    "P@1": 0.3278419930423072,
    "P@10": 0.10660531926832004,
    "P@100": 0.01494097183256649,
    "P@15": 0.07775633112632327,
    "P@200": 0.007881831444282348,
    "P@300": 0.005319492761755135,
    "P@5": 0.16739535405678374,
    "P@50": 0.02829356974525867,
    "R-Precision": 0.2872320727191112,
    "Recall@1": 0.2155149066696592,
    "Recall@10": 0.6119649870946022,
    "Recall@100": 0.8995378371301387,
    "Recall@15": 0.6724847566677888,
    "Recall@200": 0.9625593835334605,
    "Recall@300": 0.9768170426065164,
    "Recall@5": 0.4855740096509932,
    "Recall@50": 0.8434221748400853,
    "n_queries": 133.6
  },
  "std_metrics": {
    "Hit@1": 0.012727516779159575,
    "Hit@10": 0.03489821271423143,
    "Hit@100": 0.01105921537198266,
    "Hit@15": 0.034916604730089486,
    "Hit@200": 0.005704926606202592,
    "Hit@300": 0.008929113452932439,
    "Hit@5": 0.028555865039400607,
    "Hit@50": 0.026985080391353524,
    "MAP": 0.011827482030701233,
    "MRR": 0.016860846674955993,
    "Mean Rank": 3.3771096326041907,
    "Median Rank": 0.4898979485566356,
    "NDCG@1": 0.012727516779159575,
    "NDCG@10": 0.015868391072570993,
    "NDCG@100": 0.010756264957624155,
    "NDCG@15": 0.014265782625791241,
    "NDCG@200": 0.011963805680904825,
    "NDCG@300": 0.011643441439286481,
    "NDCG@5": 0.016783327431654716,
    "NDCG@50": 0.012588762465124031,
    "P@1": 0.012727516779159575,
    "P@10": 0.005266798907793952,
    "P@100": 0.00030590329409018965,
    "P@15": 0.0037622523263710025,
    "P@200": 5.181274469482483e-05,
    "P@300": 4.0242890091194196e-05,
    "P@5": 0.00999511144915939,
    "P@50": 0.0007438384004315698,
    "R-Precision": 0.008925128215952883,
    "Recall@1": 0.018462315021166183,
    "Recall@10": 0.023104344381591355,
    "Recall@100": 0.01287813465701626,
    "Recall@15": 0.01826905209423413,
    "Recall@200": 0.005411567312065456,
    "Recall@300": 0.0072321818206837925,
    "Recall@5": 0.023707142494286636,
    "Recall@50": 0.02172488178921629,
    "n_queries": 0.4898979485566356
  },
  "fold_results": [
    {
      "fold": 0,
      "n_train_pairs": 868,
      "n_train_queries": 535,
      "n_test_queries": 133,
      "rankings_path": "/media/eimtest/data/lior/ParabeLink/finetuning/ft_11_clustered/results/rankings/sfr__raw__none__fold_0.json",
      "metrics": {
        "MRR": 0.44892643575624946,
        "MAP": 0.40235288213525416,
        "R-Precision": 0.29172932330827067,
        "Mean Rank": 30.39097744360902,
        "Median Rank": 3.0,
        "n_queries": 133,
        "Hit@1": 0.3308270676691729,
        "Recall@1": 0.2068922305764411,
        "P@1": 0.3308270676691729,
        "NDCG@1": 0.3308270676691729,
        "Hit@5": 0.5789473684210527,
        "Recall@5": 0.5078947368421053,
        "P@5": 0.18345864661654135,
        "NDCG@5": 0.4204262683190509,
        "Hit@10": 0.6616541353383458,
        "Recall@10": 0.6179197994987469,
        "P@10": 0.11353383458646617,
        "NDCG@10": 0.4598392264998272,
        "Hit@15": 0.7218045112781954,
        "Recall@15": 0.6873433583959899,
        "P@15": 0.08220551378446116,
        "NDCG@15": 0.47946926784715765,
        "Hit@50": 0.8270676691729323,
        "Recall@50": 0.8082706766917294,
        "P@50": 0.027669172932330833,
        "NDCG@50": 0.5049795971308362,
        "Hit@100": 0.9022556390977443,
        "Recall@100": 0.8847117794486214,
        "P@100": 0.014962406015037594,
        "NDCG@100": 0.518721932772231,
        "Hit@200": 0.9624060150375939,
        "Recall@200": 0.9523809523809523,
        "P@200": 0.007857142857142856,
        "NDCG@200": 0.5284748294800294,
        "Hit@300": 0.9924812030075187,
        "Recall@300": 0.9824561403508771,
        "P@300": 0.0053383458646616535,
        "NDCG@300": 0.5322047855166342
      }
    },
    {
      "fold": 1,
      "n_train_pairs": 868,
      "n_train_queries": 535,
      "n_test_queries": 133,
      "rankings_path": "/media/eimtest/data/lior/ParabeLink/finetuning/ft_11_clustered/results/rankings/sfr__raw__none__fold_1.json",
      "metrics": {
        "MRR": 0.4239600174543934,
        "MAP": 0.37278218484983255,
        "R-Precision": 0.2704260651629073,
        "Mean Rank": 32.661654135338345,
        "Median Rank": 4.0,
        "n_queries": 133,
        "Hit@1": 0.3233082706766917,
        "Recall@1": 0.1880952380952381,
        "P@1": 0.3233082706766917,
        "NDCG@1": 0.3233082706766917,
        "Hit@5": 0.5263157894736842,
        "Recall@5": 0.4433583959899749,
        "P@5": 0.17142857142857143,
        "NDCG@5": 0.3770952549817937,
        "Hit@10": 0.6240601503759399,
        "Recall@10": 0.5819548872180451,
        "P@10": 0.11203007518796992,
        "NDCG@10": 0.4276794637872468,
        "Hit@15": 0.6691729323308271,
        "Recall@15": 0.6441102756892231,
        "P@15": 0.081203007518797,
        "NDCG@15": 0.44591718133734554,
        "Hit@50": 0.8421052631578947,
        "Recall@50": 0.8345864661654135,
        "P@50": 0.029022556390977443,
        "NDCG@50": 0.4865283593683207,
        "Hit@100": 0.924812030075188,
        "Recall@100": 0.9223057644110276,
        "P@100": 0.01548872180451128,
        "NDCG@100": 0.500996746198919,
        "Hit@200": 0.9624060150375939,
        "Recall@200": 0.9624060150375939,
        "P@200": 0.007969924812030075,
        "NDCG@200": 0.5066400654309268,
        "Hit@300": 0.9849624060150376,
        "Recall@300": 0.9849624060150376,
        "P@300": 0.005388471177944863,
        "NDCG@300": 0.5095062337186909
      }
    },
    {
      "fold": 2,
      "n_train_pairs": 868,
      "n_train_queries": 534,
      "n_test_queries": 134,
      "rankings_path": "/media/eimtest/data/lior/ParabeLink/finetuning/ft_11_clustered/results/rankings/sfr__raw__none__fold_2.json",
      "metrics": {
        "MRR": 0.4241196765815286,
        "MAP": 0.38730997194226296,
        "R-Precision": 0.2871890547263682,
        "Mean Rank": 31.35820895522388,
        "Median Rank": 4.0,
        "n_queries": 134,
        "Hit@1": 0.3208955223880597,
        "Recall@1": 0.22263681592039802,
        "P@1": 0.3208955223880597,
        "NDCG@1": 0.3208955223880597,