{
  "experiment": "ft_11_clustered",
  "model_alias": "sfr",
  "model_config": {
    "model_name": "Salesforce/SFR-Embedding-Mistral",
    "batch_size": 2,
    "gradient_accumulation_steps": 8,
    "gradient_checkpointing": true,
    "learning_rate": 0.0001,
    "max_seq_length": 512,
    "model_kwargs": {
      "torch_dtype": "auto"
    },
    "query_instruction": "Instruct: Given a moral statement, retrieve the fable that best conveys this moral.\nQuery: ",
    "lora": {
      "r": 64,
      "alpha": 128,
      "dropout": 0.05,
      "target_modules": [
        "q_proj",
        "k_proj",
        "v_proj",
        "o_proj"
      ]
    },
    "model_output_dir": "/data/lior/ft_11_clustered/models/sfr"
  },
  "doc_config": "raw",
  "doc_config_details": {
    "template": "{fable}",
    "summary_variant": null,
    "description": "Original fable text only."
  },
  "summary_generator": null,
  "folds_run": [
    1
  ],
  "mean_metrics": {
    "Hit@1": 0.3233082706766917,
    "Hit@10": 0.6240601503759399,
    "Hit@100": 0.924812030075188,
    "Hit@15": 0.6691729323308271,
    "Hit@200": 0.9624060150375939,
    "Hit@300": 0.9849624060150376,
    "Hit@5": 0.5263157894736842,
    "Hit@50": 0.8421052631578947,
    "MAP": 0.37278218484983255,
    "MRR": 0.4239600174543934,
    "Mean Rank": 32.661654135338345,
    "Median Rank": 4.0,
    "NDCG@1": 0.3233082706766917,
    "NDCG@10": 0.4276794637872468,
    "NDCG@100": 0.500996746198919,
    "NDCG@15": 0.44591718133734554,
    "NDCG@200": 0.5066400654309268,
    "NDCG@300": 0.5095062337186909,
    "NDCG@5": 0.3770952549817937,
    "NDCG@50": 0.4865283593683207,
    "P@1": 0.3233082706766917,
    "P@10": 0.11203007518796992,
    "P@100": 0.01548872180451128,
    "P@15": 0.081203007518797,
    "P@200": 0.007969924812030075,
    "P@300": 0.005388471177944863,
    "P@5": 0.17142857142857143,
    "P@50": 0.029022556390977443,
    "R-Precision": 0.2704260651629073,
    "Recall@1": 0.1880952380952381,
    "Recall@10": 0.5819548872180451,
    "Recall@100": 0.9223057644110276,
    "Recall@15": 0.6441102756892231,
    "Recall@200": 0.9624060150375939,
    "Recall@300": 0.9849624060150376,
    "Recall@5": 0.4433583959899749,
    "Recall@50": 0.8345864661654135,
    "n_queries": 133.0
  },
  "std_metrics": {
    "Hit@1": 0.0,
    "Hit@10": 0.0,
    "Hit@100": 0.0,
    "Hit@15": 0.0,
    "Hit@200": 0.0,
    "Hit@300": 0.0,
    "Hit@5": 0.0,
    "Hit@50": 0.0,
    "MAP": 0.0,
    "MRR": 0.0,
    "Mean Rank": 0.0,
    "Median Rank": 0.0,
    "NDCG@1": 0.0,
    "NDCG@10": 0.0,
    "NDCG@100": 0.0,
    "NDCG@15": 0.0,
    "NDCG@200": 0.0,
    "NDCG@300": 0.0,
    "NDCG@5": 0.0,
    "NDCG@50": 0.0,
    "P@1": 0.0,
    "P@10": 0.0,
    "P@100": 0.0,
    "P@15": 0.0,
    "P@200": 0.0,
    "P@300": 0.0,
    "P@5": 0.0,
    "P@50": 0.0,
    "R-Precision": 0.0,
    "Recall@1": 0.0,
    "Recall@10": 0.0,
    "Recall@100": 0.0,
    "Recall@15": 0.0,
    "Recall@200": 0.0,
    "Recall@300": 0.0,
    "Recall@5": 0.0,
    "Recall@50": 0.0,
    "n_queries": 0.0
  },
  "fold_results": [
    {
      "fold": 1,
      "n_train_pairs": 868,
      "n_train_queries": 535,
      "n_test_queries": 133,
      "rankings_path": "/media/eimtest/data/lior/ParabeLink/finetuning/ft_11_clustered/results/rankings/sfr__raw__none__fold_1.json",
      "metrics": {
        "MRR": 0.4239600174543934,
        "MAP": 0.37278218484983255,
        "R-Precision": 0.2704260651629073,
        "Mean Rank": 32.661654135338345,
        "Median Rank": 4.0,
        "n_queries": 133,
        "Hit@1": 0.3233082706766917,
        "Recall@1": 0.1880952380952381,
        "P@1": 0.3233082706766917,
        "NDCG@1": 0.3233082706766917,
        "Hit@5": 0.5263157894736842,
        "Recall@5": 0.4433583959899749,
        "P@5": 0.17142857142857143,
        "NDCG@5": 0.3770952549817937,
        "Hit@10": 0.6240601503759399,
        "Recall@10": 0.5819548872180451,
        "P@10": 0.11203007518796992,
        "NDCG@10": 0.4276794637872468,
        "Hit@15": 0.6691729323308271,
        "Recall@15": 0.6441102756892231,
        "P@15": 0.081203007518797,
        "NDCG@15": 0.44591718133734554,
        "Hit@50": 0.8421052631578947,
        "Recall@50": 0.8345864661654135,
        "P@50": 0.029022556390977443,
        "NDCG@50": 0.4865283593683207,
        "Hit@100": 0.924812030075188,
        "Recall@100": 0.9223057644110276,
        "P@100": 0.01548872180451128,
        "NDCG@100": 0.500996746198919,
        "Hit@200": 0.9624060150375939,
        "Recall@200": 0.9624060150375939,
        "P@200": 0.007969924812030075,
        "NDCG@200": 0.5066400654309268,
        "Hit@300": 0.9849624060150376,
        "Recall@300": 0.9849624060150376,
        "P@300": 0.005388471177944863,
        "NDCG@300": 0.5095062337186909
      }
    }
  ]
}