{
  "experiment": "ft_11_clustered",
  "seed": 42,
  "early_stopping_metric": "ndcg@10",
  "continue_on_error": true,
  "model_alias": "bge",
  "model_config": {
    "model_name": "BAAI/bge-base-en-v1.5",
    "batch_size": 32,
    "gradient_accumulation_steps": 1,
    "gradient_checkpointing": false,
    "learning_rate": 2e-05,
    "max_seq_length": 512,
    "query_instruction": "",
    "model_output_dir": "/data/lior/ft_11_clustered/models/bge"
  },
  "doc_config": "raw",
  "doc_config_details": {
    "template": "{fable}",
    "summary_variant": null,
    "description": "Original fable text only."
  },
  "summary_generator": null,
  "folds_run": [
    0,
    1,
    2,
    3,
    4
  ],
  "completed_folds": [
    0,
    1,
    2,
    3,
    4
  ],
  "errors": [],
  "mean_metrics": {
    "Hit@1": 0.14678487262933454,
    "Hit@10": 0.3683088317809449,
    "Hit@100": 0.706486365166648,
    "Hit@15": 0.4147458197733139,
    "Hit@200": 0.8277971047020536,
    "Hit@300": 0.8966894849062956,
    "Hit@5": 0.2904724497811694,
    "Hit@50": 0.5883402536191225,
    "MAP": 0.18076285174554876,
    "MRR": 0.21977187855958852,
    "Mean Rank": 99.21220962854899,
    "Median Rank": 25.9,
    "NDCG@1": 0.14678487262933454,
    "NDCG@10": 0.20527307659320373,
    "NDCG@100": 0.288798573622243,
    "NDCG@15": 0.21895893689578189,
    "NDCG@200": 0.30959610825683936,
    "NDCG@300": 0.3198637822200649,
    "NDCG@5": 0.17836311767523622,
    "NDCG@50": 0.2657171343199164,
    "P@1": 0.14678487262933454,
    "P@10": 0.059296375266524516,
    "P@100": 0.011961396027381888,
    "P@15": 0.045323757154079235,
    "P@200": 0.006931264728986647,
    "P@300": 0.004935323383084578,
    "P@5": 0.08835372012119852,
    "P@50": 0.020033217371787676,
    "R-Precision": 0.12660531926832005,
    "Recall@1": 0.07829330789660718,
    "Recall@10": 0.2904279355104178,
    "Recall@100": 0.6651776830135038,
    "Recall@15": 0.33382523472861253,
    "Recall@200": 0.8041340291026071,
    "Recall@300": 0.8825606927767179,
    "Recall@5": 0.21602195787977405,
    "Recall@50": 0.5342118355590468,
    "n_queries": 133.6
  },
  "std_metrics": {
    "Hit@1": 0.025821210567006442,
    "Hit@10": 0.018208814272950735,
    "Hit@100": 0.03786791132292064,
    "Hit@15": 0.021857862094656576,
    "Hit@200": 0.03201643364763573,
    "Hit@300": 0.017382477267484,
    "Hit@5": 0.01936189885879399,
    "Hit@50": 0.016635415409397458,
    "MAP": 0.025124795020323443,
    "MRR": 0.02138312509844471,
    "Mean Rank": 6.461158585947524,
    "Median Rank": 3.2310988842807022,
    "NDCG@1": 0.025821210567006442,
    "NDCG@10": 0.021692618142857577,
    "NDCG@100": 0.015527632707604946,
    "NDCG@15": 0.02467614667051592,
    "NDCG@200": 0.01615629229110676,
    "NDCG@300": 0.018114240710756287,
    "NDCG@5": 0.023051232394717344,
    "NDCG@50": 0.020844378401330858,
    "P@1": 0.025821210567006442,
    "P@10": 0.006647837027152271,
    "P@100": 0.0003788218562238911,
    "P@15": 0.005505259338608621,
    "P@200": 0.00014132014093834472,
    "P@300": 5.416668473150194e-05,
    "P@5": 0.011561312938976219,
    "P@50": 0.0013556945005072558,
    "R-Precision": 0.026893160545138708,
    "Recall@1": 0.015967236462786565,
    "Recall@10": 0.01657083970801484,
    "Recall@100": 0.02857074610192544,
    "Recall@15": 0.02327183247026232,
    "Recall@200": 0.02596841377263382,
    "Recall@300": 0.01101842514663802,
    "Recall@5": 0.019503931706074257,
    "Recall@50": 0.01568708774534346,
    "n_queries": 0.4898979485566356
  },
  "fold_results": [
    {
      "fold": 0,
      "n_train_pairs": 868,
      "n_train_queries": 535,
      "n_test_queries": 133,
      "rankings_path": "/media/eimtest/data/lior/ParabeLink/finetuning/ft_11_clustered/results/rankings/bge__raw__none__fold_0.json",
      "metrics": {
        "MRR": 0.25716700025015554,
        "MAP": 0.22606964393301898,
        "R-Precision": 0.17593984962406015,
        "Mean Rank": 106.74436090225564,
        "Median Rank": 25.0,
        "n_queries": 133,
        "Hit@1": 0.19548872180451127,
        "Recall@1": 0.10513784461152882,
        "P@1": 0.19548872180451127,
        "NDCG@1": 0.19548872180451127,
        "Hit@5": 0.3007518796992481,
        "Recall@5": 0.24360902255639102,
        "P@5": 0.10676691729323308,
        "NDCG@5": 0.21811949403528907,
        "Hit@10": 0.37593984962406013,
        "Recall@10": 0.3088972431077694,
        "P@10": 0.06917293233082707,
        "NDCG@10": 0.2432404710502515,
        "Hit@15": 0.44360902255639095,
        "Recall@15": 0.3730576441102757,
        "P@15": 0.053132832080200504,
        "NDCG@15": 0.2623607891673405,
        "Hit@50": 0.5714285714285714,
        "Recall@50": 0.5308270676691729,
        "P@50": 0.02090225563909774,
        "NDCG@50": 0.2988176636528459,
        "Hit@100": 0.6541353383458647,
        "Recall@100": 0.6215538847117794,
        "P@100": 0.011654135338345865,
        "NDCG@100": 0.31443686310852664,
        "Hit@200": 0.7819548872180451,
        "Recall@200": 0.7606516290726816,
        "P@200": 0.006766917293233083,
        "NDCG@200": 0.3350425568039838,
        "Hit@300": 0.8872180451127819,
        "Recall@300": 0.8822055137844611,
        "P@300": 0.0049874686716791985,
        "NDCG@300": 0.3510075625883339
      }
    },
    {
      "fold": 1,
      "n_train_pairs": 868,
      "n_train_queries": 535,
      "n_test_queries": 133,
      "rankings_path": "/media/eimtest/data/lior/ParabeLink/finetuning/ft_11_clustered/results/rankings/bge__raw__none__fold_1.json",
      "metrics": {
        "MRR": 0.23030011518888607,
        "MAP": 0.1861833837022558,
        "R-Precision": 0.1329573934837093,
        "Mean Rank": 99.43609022556392,
        "Median Rank": 20.0,
        "n_queries": 133,
        "Hit@1": 0.15037593984962405,
        "Recall@1": 0.08471177944862156,
        "P@1": 0.15037593984962405,
        "NDCG@1": 0.15037593984962405,
        "Hit@5": 0.3157894736842105,
        "Recall@5": 0.22443609022556393,
        "P@5": 0.09022556390977443,
        "NDCG@5": 0.18584387608843703,
        "Hit@10": 0.39097744360902253,
        "Recall@10": 0.29448621553884713,
        "P@10": 0.059398496240601506,
        "NDCG@10": 0.2108562816315959,
        "Hit@15": 0.43609022556390975,
        "Recall@15": 0.3398496240601504,
        "P@15": 0.047117794486215545,
        "NDCG@15": 0.22605887177534714,
        "Hit@50": 0.6165413533834586,
        "Recall@50": 0.5577694235588972,
        "P@50": 0.021353383458646614,
        "NDCG@50": 0.27790044491658916,
        "Hit@100": 0.6917293233082706,
        "Recall@100": 0.6641604010025063,
        "P@100": 0.012481203007518798,
        "NDCG@100": 0.29753582460532674,
        "Hit@200": 0.8421052631578947,
        "Recall@200": 0.8258145363408521,
        "P@200": 0.007180451127819549,
        "NDCG@200": 0.32100676157751135,
        "Hit@300": 0.8947368421052632,
        "Recall@300": 0.8834586466165414,
        "P@300": 0.005012531328320803,
        "NDCG@300": 0.3284614473621055
      }
    },
    {
      "fold": 2,
      "n_train_pairs": 868,
      "n_train_queries": 534,
      "n_test_queries": 134,
      "rankings_path": "/media/eimtest/data/lior/ParabeLink/finetuning/ft_11_clustered/results/rankings/bge__raw__none__fold_2.json",
      "metrics": {
        "MRR": 0.20398085709033023,
        "MAP": 0.17424031529121825,
        "R-Precision": 0.11641791044776119,
        "Mean Rank": 104.91044776119404,
        "Median Rank": 28.0,
        "n_queries": 134,
        "Hit@1": 0.12686567164179105,
        "Recall@1": 0.07300995024875623,
        "P@1": 0.12686567164179105,
        "NDCG@1": 0.12686567164179105,
        "Hit@5": 0.29850746268656714,
        "Recall@5": 0.22276119402985076,
        "P@5": 0.09104477611940298,
        "NDCG@5": 0.1744054081648094,
        "Hit@10": 0.373134328358209,
        "Recall@10": 0.30460199004975125,
        "P@10": 0.0626865671641791,
        "NDCG@10": 0.2034344416733317,