{
  "experiment": "ft_11_clustered",
  "seed": 42,
  "early_stopping_metric": "ndcg@10",
  "continue_on_error": true,
  "model_alias": "multilingual_e5_large",
  "model_config": {
    "model_name": "intfloat/multilingual-e5-large",
    "batch_size": 8,
    "gradient_accumulation_steps": 2,
    "gradient_checkpointing": true,
    "learning_rate": 2e-05,
    "max_seq_length": 512,
    "query_instruction": "query: ",
    "model_output_dir": "/data/lior/ft_11_clustered/models/multilingual_e5_large"
  },
  "doc_config": "raw",
  "doc_config_details": {
    "template": "{fable}",
    "summary_variant": null,
    "description": "Original fable text only."
  },
  "summary_generator": null,
  "folds_run": [
    0,
    1,
    2,
    3,
    4
  ],
  "completed_folds": [
    0,
    1,
    2,
    3,
    4
  ],
  "errors": [],
  "mean_metrics": {
    "Hit@1": 0.20809112333071483,
    "Hit@10": 0.44452923353159013,
    "Hit@100": 0.7618785770396139,
    "Hit@15": 0.4998990012344294,
    "Hit@200": 0.8637414431601391,
    "Hit@300": 0.9236337111435304,
    "Hit@5": 0.3562450903377848,
    "Hit@50": 0.6540680058354842,
    "MAP": 0.2549141500024211,
    "MRR": 0.2863446757842666,
    "Mean Rank": 76.318763326226,
    "Median Rank": 15.9,
    "NDCG@1": 0.20809112333071483,
    "NDCG@10": 0.2872501675776872,
    "NDCG@100": 0.3608473698804722,
    "NDCG@15": 0.30367639459097084,
    "NDCG@200": 0.3774929350285286,
    "NDCG@300": 0.3861417238605296,
    "NDCG@5": 0.2505996325892944,
    "NDCG@50": 0.3403903502922038,
    "P@1": 0.20809112333071483,
    "P@10": 0.08129053978229155,
    "P@100": 0.012978565817528898,
    "P@15": 0.05997980024688587,
    "P@200": 0.007185837728649984,
    "P@300": 0.005055025623760895,
    "P@5": 0.12547413309392885,
    "P@50": 0.02269397374032095,
    "R-Precision": 0.19129727303332958,
    "Recall@1": 0.11382186810309354,
    "Recall@10": 0.39902124714772,
    "Recall@100": 0.7339634534096435,
    "Recall@15": 0.45476527138742373,
    "Recall@200": 0.8473072606890358,
    "Recall@300": 0.9130888789137022,
    "Recall@5": 0.29542045412037554,
    "Recall@50": 0.6165946582875097,
    "n_queries": 133.6
  },
  "std_metrics": {
    "Hit@1": 0.02691157079307474,
    "Hit@10": 0.04158651871667583,
    "Hit@100": 0.032963800878838816,
    "Hit@15": 0.03897524655048028,
    "Hit@200": 0.018813336121386505,
    "Hit@300": 0.026606520025152652,
    "Hit@5": 0.018423710976670532,
    "Hit@50": 0.04051594524417312,
    "MAP": 0.023135233063034114,
    "MRR": 0.023504353273530676,
    "Mean Rank": 8.652219160476227,
    "Median Rank": 4.8207883172775805,
    "NDCG@1": 0.02691157079307474,
    "NDCG@10": 0.021597793928637882,
    "NDCG@100": 0.018707955334828323,
    "NDCG@15": 0.021384363777366584,
    "NDCG@200": 0.018032566378269485,
    "NDCG@300": 0.020578824213319163,
    "NDCG@5": 0.02281225156859921,
    "NDCG@50": 0.021777151690687942,
    "P@1": 0.02691157079307474,
    "P@10": 0.0023358294942348117,
    "P@100": 0.0002599570268860875,
    "P@15": 0.0017973976907151804,
    "P@200": 7.52426786224954e-05,
    "P@300": 9.798946065974982e-05,
    "P@5": 0.012380160297519661,
    "P@50": 0.0008055386194040575,
    "R-Precision": 0.02713834456887315,
    "Recall@1": 0.02472967424802682,
    "Recall@10": 0.034164711858883305,
    "Recall@100": 0.029290525976632623,
    "Recall@15": 0.033581885978019456,
    "Recall@200": 0.011188495122635048,
    "Recall@300": 0.026252160469884284,
    "Recall@5": 0.01882604975720491,
    "Recall@50": 0.03506932723711157,
    "n_queries": 0.4898979485566356
  },
  "fold_results": [
    {
      "fold": 0,
      "n_train_pairs": 868,
      "n_train_queries": 535,
      "n_test_queries": 133,
      "rankings_path": "/media/eimtest/data/lior/ParabeLink/finetuning/ft_11_clustered/results/rankings/multilingual_e5_large__raw__none__fold_0.json",
      "metrics": {
        "MRR": 0.2775599428632095,
        "MAP": 0.256103113654908,
        "R-Precision": 0.1919799498746867,
        "Mean Rank": 74.67669172932331,
        "Median Rank": 24.0,
        "n_queries": 133,
        "Hit@1": 0.21052631578947367,
        "Recall@1": 0.0988721804511278,
        "P@1": 0.21052631578947367,
        "NDCG@1": 0.21052631578947367,
        "Hit@5": 0.3458646616541353,
        "Recall@5": 0.30350877192982456,
        "P@5": 0.14135338345864662,
        "NDCG@5": 0.25727388546991525,
        "Hit@10": 0.39097744360902253,
        "Recall@10": 0.36165413533834584,
        "P@10": 0.08195488721804511,
        "NDCG@10": 0.2769544534325051,
        "Hit@15": 0.44360902255639095,
        "Recall@15": 0.41604010025062654,
        "P@15": 0.05964912280701755,
        "NDCG@15": 0.29275204918843756,
        "Hit@50": 0.5939849624060151,
        "Recall@50": 0.5651629072681703,
        "P@50": 0.021954887218045113,
        "NDCG@50": 0.3259138511140584,
        "Hit@100": 0.7443609022556391,
        "Recall@100": 0.7218045112781954,
        "P@100": 0.013082706766917295,
        "NDCG@100": 0.353150051922552,
        "Hit@200": 0.8721804511278195,
        "Recall@200": 0.8508771929824561,
        "P@200": 0.007255639097744362,
        "NDCG@200": 0.37143002118808294,
        "Hit@300": 0.9473684210526315,
        "Recall@300": 0.9323308270676691,
        "P@300": 0.005137844611528822,
        "NDCG@300": 0.38189127051667415
      }
    },
    {
      "fold": 1,
      "n_train_pairs": 868,
      "n_train_queries": 535,
      "n_test_queries": 133,
      "rankings_path": "/media/eimtest/data/lior/ParabeLink/finetuning/ft_11_clustered/results/rankings/multilingual_e5_large__raw__none__fold_1.json",
      "metrics": {
        "MRR": 0.28583667748811364,
        "MAP": 0.26545671182373026,
        "R-Precision": 0.21052631578947367,
        "Mean Rank": 83.89473684210526,
        "Median Rank": 17.0,
        "n_queries": 133,
        "Hit@1": 0.21052631578947367,
        "Recall@1": 0.12844611528822053,
        "P@1": 0.21052631578947367,
        "NDCG@1": 0.21052631578947367,
        "Hit@5": 0.3383458646616541,
        "Recall@5": 0.2781954887218045,
        "P@5": 0.1263157894736842,
        "NDCG@5": 0.25170761287671917,
        "Hit@10": 0.44360902255639095,
        "Recall@10": 0.3992481203007519,
        "P@10": 0.08270676691729323,
        "NDCG@10": 0.29420935569361284,
        "Hit@15": 0.48872180451127817,
        "Recall@15": 0.4433583959899749,
        "P@15": 0.06015037593984962,
        "NDCG@15": 0.3073429212718424,
        "Hit@50": 0.631578947368421,
        "Recall@50": 0.6032581453634084,
        "P@50": 0.02300751879699248,
        "NDCG@50": 0.3445319371522725,
        "Hit@100": 0.7142857142857143,
        "Recall@100": 0.6837092731829574,
        "P@100": 0.01255639097744361,
        "NDCG@100": 0.3583726851244826,
        "Hit@200": 0.8345864661654135,
        "Recall@200": 0.8283208020050126,
        "P@200": 0.007255639097744362,
        "NDCG@200": 0.38032698515902214,
        "Hit@300": 0.8872180451127819,
        "Recall@300": 0.8872180451127819,
        "P@300": 0.00506265664160401,
        "NDCG@300": 0.38794283121427464
      }
    },
    {
      "fold": 2,
      "n_train_pairs": 868,
      "n_train_queries": 534,
      "n_test_queries": 134,
      "rankings_path": "/media/eimtest/data/lior/ParabeLink/finetuning/ft_11_clustered/results/rankings/multilingual_e5_large__raw__none__fold_2.json",
      "metrics": {
        "MRR": 0.3277092478973521,
        "MAP": 0.2886050871392213,
        "R-Precision": 0.229228855721393,
        "Mean Rank": 79.18656716417911,
        "Median Rank": 13.0,
        "n_queries": 134,
        "Hit@1": 0.2537313432835821,
        "Recall@1": 0.15323383084577114,
        "P@1": 0.2537313432835821,
        "NDCG@1": 0.2537313432835821,
        "Hit@5": 0.3880597014925373,
        "Recall@5": 0.3281094527363184,
        "P@5": 0.13582089552238805,
        "NDCG@5": 0.2878341613662763,
        "Hit@10": 0.4552238805970149,
        "Recall@10": 0.41293532338308453,