{
  "experiment": "ft_11_clustered",
  "seed": 42,
  "early_stopping_metric": "ndcg@10",
  "continue_on_error": true,
  "model_alias": "multilingual_e5_large_instruct",
  "model_config": {
    "model_name": "intfloat/multilingual-e5-large-instruct",
    "batch_size": 8,
    "gradient_accumulation_steps": 2,
    "gradient_checkpointing": true,
    "learning_rate": 2e-05,
    "max_seq_length": 512,
    "query_instruction": "Instruct: Given a moral statement, retrieve the fable that best conveys this moral.\nQuery: ",
    "model_output_dir": "/data/lior/ft_11_clustered/models/multilingual_e5_large_instruct"
  },
  "doc_config": "raw",
  "doc_config_details": {
    "template": "{fable}",
    "summary_variant": null,
    "description": "Original fable text only."
  },
  "summary_generator": null,
  "folds_run": [
    0,
    1,
    2,
    3,
    4
  ],
  "completed_folds": [
    0,
    1,
    2,
    3,
    4
  ],
  "errors": [],
  "mean_metrics": {
    "Hit@1": 0.0014925373134328358,
    "Hit@10": 0.019481539670070696,
    "Hit@100": 0.20363595556054315,
    "Hit@15": 0.029974189204354167,
    "Hit@200": 0.37728649983166873,
    "Hit@300": 0.5254741330939289,
    "Hit@5": 0.011996408932779711,
    "Hit@50": 0.10484794074739086,
    "MAP": 0.011131882065423548,
    "MRR": 0.013700676625834199,
    "Mean Rank": 306.14074739086516,
    "Median Rank": 280.6,
    "NDCG@1": 0.0014925373134328358,
    "NDCG@10": 0.00715243363442659,
    "NDCG@100": 0.033384347644455185,
    "NDCG@15": 0.009280073312839022,
    "NDCG@200": 0.05556514337419081,
    "NDCG@300": 0.07531238737608535,
    "NDCG@5": 0.00494609593109557,
    "NDCG@50": 0.020379519526753098,
    "P@1": 0.0014925373134328358,
    "P@10": 0.00194815396700707,
    "P@100": 0.0022162495791718103,
    "P@15": 0.001998279280290278,
    "P@200": 0.002238525418022669,
    "P@300": 0.0022109377922417983,
    "P@5": 0.0023992817865559424,
    "P@50": 0.002126809561216474,
    "R-Precision": 0.0029962967119290763,
    "Recall@1": 0.0014925373134328358,
    "Recall@10": 0.014223992817865558,
    "Recall@100": 0.14447873414880483,
    "Recall@15": 0.02171660494519882,
    "Recall@200": 0.2892357760071821,
    "Recall@300": 0.4320478434893203,
    "Recall@5": 0.007485130737290987,
    "Recall@50": 0.07213369244005535,
    "n_queries": 133.6
  },
  "std_metrics": {
    "Hit@1": 0.002985074626865672,
    "Hit@10": 0.010212430365233859,
    "Hit@100": 0.0158475311647198,
    "Hit@15": 0.010688963859635274,
    "Hit@200": 0.02055042316451856,
    "Hit@300": 0.015239327075869747,
    "Hit@5": 0.009039415640706741,
    "Hit@50": 0.020390210485419214,
    "MAP": 0.0024900596792928518,
    "MRR": 0.004541247623664666,
    "Mean Rank": 6.834739385802882,
    "Median Rank": 9.936800289831732,
    "NDCG@1": 0.002985074626865672,
    "NDCG@10": 0.0036475400870975014,
    "NDCG@100": 0.003407645567555824,
    "NDCG@15": 0.003722775968216129,
    "NDCG@200": 0.0038872412367270677,
    "NDCG@300": 0.004353748367789346,
    "NDCG@5": 0.002631998522073817,
    "NDCG@50": 0.0033142343468948255,
    "P@1": 0.002985074626865672,
    "P@10": 0.0010212430365233857,
    "P@100": 0.0002761719338110965,
    "P@15": 0.0007125975906423515,
    "P@200": 0.00021445460343539336,
    "P@300": 0.0001703081793614443,
    "P@5": 0.0018078831281413486,
    "P@50": 0.0003777490521932936,
    "R-Precision": 0.0036697419278279523,
    "Recall@1": 0.002985074626865672,
    "Recall@10": 0.005497962780948912,
    "Recall@100": 0.00796241413130429,
    "Recall@15": 0.006647453972790257,
    "Recall@200": 0.013746222860231186,
    "Recall@300": 0.01953190291443753,
    "Recall@5": 0.0023778112693343552,
    "Recall@50": 0.008128118738108894,
    "n_queries": 0.4898979485566356
  },
  "fold_results": [
    {
      "fold": 0,
      "n_train_pairs": 868,
      "n_train_queries": 535,
      "n_test_queries": 133,
      "rankings_path": "/media/eimtest/data/lior/ParabeLink/finetuning/ft_11_clustered/results/rankings/multilingual_e5_large_instruct__raw__none__fold_0.json",
      "metrics": {
        "MRR": 0.021661206286113493,
        "MAP": 0.012892066739484502,
        "R-Precision": 0.007518796992481203,
        "Mean Rank": 300.0,
        "Median Rank": 275.0,
        "n_queries": 133,
        "Hit@1": 0.0,
        "Recall@1": 0.0,
        "P@1": 0.0,
        "NDCG@1": 0.0,
        "Hit@5": 0.03007518796992481,
        "Recall@5": 0.011278195488721802,
        "P@5": 0.006015037593984963,
        "NDCG@5": 0.00866401395090366,
        "Hit@10": 0.03759398496240601,
        "Recall@10": 0.018796992481203006,
        "P@10": 0.0037593984962406013,
        "NDCG@10": 0.011342263478031644,
        "Hit@15": 0.045112781954887216,
        "Recall@15": 0.02631578947368421,
        "P@15": 0.003007518796992481,
        "NDCG@15": 0.013374129300793448,
        "Hit@50": 0.13533834586466165,
        "Recall@50": 0.08583959899749373,
        "P@50": 0.0027067669172932333,
        "NDCG@50": 0.026060377166576186,
        "Hit@100": 0.23308270676691728,
        "Recall@100": 0.15914786967418545,
        "P@100": 0.0027067669172932333,
        "NDCG@100": 0.03976103069743573,
        "Hit@200": 0.39849624060150374,
        "Recall@200": 0.300125313283208,
        "P@200": 0.002406015037593985,
        "NDCG@200": 0.061087608856259,
        "Hit@300": 0.5338345864661654,
        "Recall@300": 0.43784461152882204,
        "P@300": 0.0022556390977443606,
        "NDCG@300": 0.0798475015216667
      }
    },
    {
      "fold": 1,
      "n_train_pairs": 868,
      "n_train_queries": 535,
      "n_test_queries": 133,
      "rankings_path": "/media/eimtest/data/lior/ParabeLink/finetuning/ft_11_clustered/results/rankings/multilingual_e5_large_instruct__raw__none__fold_1.json",
      "metrics": {
        "MRR": 0.011134460259958368,
        "MAP": 0.009270514839554971,
        "R-Precision": 0.0,
        "Mean Rank": 301.30075187969925,
        "Median Rank": 277.0,
        "n_queries": 133,
        "Hit@1": 0.0,
        "Recall@1": 0.0,
        "P@1": 0.0,
        "NDCG@1": 0.0,
        "Hit@5": 0.007518796992481203,
        "Recall@5": 0.0037593984962406013,
        "P@5": 0.0015037593984962407,
        "NDCG@5": 0.001985474605808954,
        "Hit@10": 0.015037593984962405,
        "Recall@10": 0.011278195488721804,
        "P@10": 0.0015037593984962407,
        "NDCG@10": 0.004491740269969355,
        "Hit@15": 0.03759398496240601,
        "Recall@15": 0.023809523809523808,
        "P@15": 0.002506265664160401,
        "NDCG@15": 0.008230754541011248,
        "Hit@50": 0.11278195488721804,
        "Recall@50": 0.07706766917293233,
        "P@50": 0.0022556390977443606,
        "NDCG@50": 0.019732005022571417,
        "Hit@100": 0.20300751879699247,
        "Recall@100": 0.14160401002506268,
        "P@100": 0.002180451127819549,
        "NDCG@100": 0.031305569193831456,
        "Hit@200": 0.38345864661654133,
        "Recall@200": 0.30451127819548873,
        "P@200": 0.002406015037593985,
        "NDCG@200": 0.05637534228976335,
        "Hit@300": 0.5338345864661654,
        "Recall@300": 0.4508771929824561,
        "P@300": 0.0024060150375939844,
        "NDCG@300": 0.07710404666902512
      }
    },
    {
      "fold": 2,
      "n_train_pairs": 868,
      "n_train_queries": 534,
      "n_test_queries": 134,
      "rankings_path": "/media/eimtest/data/lior/ParabeLink/finetuning/ft_11_clustered/results/rankings/multilingual_e5_large_instruct__raw__none__fold_2.json",
      "metrics": {
        "MRR": 0.015670318862553344,
        "MAP": 0.015121116616501812,
        "R-Precision": 0.007462686567164179,
        "Mean Rank": 313.5,
        "Median Rank": 293.5,
        "n_queries": 134,
        "Hit@1": 0.007462686567164179,
        "Recall@1": 0.007462686567164179,
        "P@1": 0.007462686567164179,
        "NDCG@1": 0.007462686567164179,
        "Hit@5": 0.007462686567164179,
        "Recall@5": 0.007462686567164179,
        "P@5": 0.0014925373134328358,