{
  "experiment": "ft_11_clustered",
  "seed": 42,
  "early_stopping_metric": "ndcg@10",
  "continue_on_error": true,
  "model_alias": "qwen3",
  "model_config": {
    "model_name": "Qwen/Qwen3-Embedding-8B",
    "batch_size": 2,
    "gradient_accumulation_steps": 8,
    "gradient_checkpointing": true,
    "learning_rate": 0.0001,
    "max_seq_length": 512,
    "trust_remote_code": true,
    "model_kwargs": {
      "torch_dtype": "auto"
    },
    "query_instruction": "Instruct: Given a text, retrieve the most relevant passage that answers the query\nQuery: ",
    "lora": {
      "r": 64,
      "alpha": 128,
      "dropout": 0.05,
      "target_modules": [
        "q_proj",
        "k_proj",
        "v_proj",
        "o_proj"
      ]
    },
    "model_output_dir": "/data/lior/ft_11_clustered/models/qwen3"
  },
  "doc_config": "raw",
  "doc_config_details": {
    "template": "{fable}",
    "summary_variant": null,
    "description": "Original fable text only."
  },
  "summary_generator": null,
  "folds_run": [
    0,
    1,
    2,
    3,
    4
  ],
  "completed_folds": [
    0,
    1,
    2,
    3,
    4
  ],
  "errors": [],
  "mean_metrics": {
    "Hit@1": 0.28437885759174053,
    "Hit@10": 0.6646055437100213,
    "Hit@100": 0.9221860621703513,
    "Hit@15": 0.7140051621591292,
    "Hit@200": 0.9610481427449219,
    "Hit@300": 0.9790371451015598,
    "Hit@5": 0.5732689933789697,
    "Hit@50": 0.8502524969139266,
    "MAP": 0.3602066116612058,
    "MRR": 0.41346760482291833,
    "Mean Rank": 30.06357311188419,
    "Median Rank": 3.8,
    "NDCG@1": 0.28437885759174053,
    "NDCG@10": 0.4168909503899976,
    "NDCG@100": 0.49271804621246923,
    "NDCG@15": 0.43713529732392786,
    "NDCG@200": 0.5006084896872682,
    "NDCG@300": 0.5035414057442512,
    "NDCG@5": 0.3763616918695404,
    "NDCG@50": 0.4775657983259906,
    "P@1": 0.28437885759174053,
    "P@10": 0.09656155313657276,
    "P@100": 0.014910672202895298,
    "P@15": 0.07255526876893728,
    "P@200": 0.007836662551902145,
    "P@300": 0.0053193805409045,
    "P@5": 0.15119290764223992,
    "P@50": 0.02736595219391763,
    "R-Precision": 0.2586806568660457,
    "Recall@1": 0.1968774548311076,
    "Recall@10": 0.5785848950735046,
    "Recall@100": 0.9028687390117083,
    "Recall@15": 0.6443971869973442,
    "Recall@200": 0.9538024164889837,
    "Recall@300": 0.975788351475704,
    "Recall@5": 0.4672244042943179,
    "Recall@50": 0.8169851868477164,
    "n_queries": 133.6
  },
  "std_metrics": {
    "Hit@1": 0.031205073375528383,
    "Hit@10": 0.027280738760849296,
    "Hit@100": 0.015987332289766263,
    "Hit@15": 0.02223751794418444,
    "Hit@200": 0.008870587981494541,
    "Hit@300": 0.003019679386406465,
    "Hit@5": 0.03003423716595116,
    "Hit@50": 0.023980164751286153,
    "MAP": 0.022721562234466697,
    "MRR": 0.023464575913486035,
    "Mean Rank": 2.7968460400554473,
    "Median Rank": 0.7483314773547882,
    "NDCG@1": 0.031205073375528383,
    "NDCG@10": 0.021567065541018286,
    "NDCG@100": 0.018530603367056586,
    "NDCG@15": 0.021547199170389816,
    "NDCG@200": 0.02094675482822929,
    "NDCG@300": 0.01993391666713111,
    "NDCG@5": 0.026030916306009365,
    "NDCG@50": 0.021205036156298162,
    "P@1": 0.031205073375528383,
    "P@10": 0.004288421687862865,
    "P@100": 0.00020452366250965471,
    "P@15": 0.00200695507678896,
    "P@200": 5.583480730629078e-05,
    "P@300": 1.3149806686881238e-05,
    "P@5": 0.005194060090448423,
    "P@50": 0.0006005677457045646,
    "R-Precision": 0.023858483867325784,
    "Recall@1": 0.027854083094752333,
    "Recall@10": 0.023932155226324386,
    "Recall@100": 0.011035206003414628,
    "Recall@15": 0.020625119136349488,
    "Recall@200": 0.011058060127910482,
    "Recall@300": 0.00420220927874161,
    "Recall@5": 0.03180289316964519,
    "Recall@50": 0.019171736296512948,
    "n_queries": 0.4898979485566356
  },
  "fold_results": [
    {
      "fold": 0,
      "n_train_pairs": 868,
      "n_train_queries": 535,
      "n_test_queries": 133,
      "rankings_path": "/media/eimtest/data/lior/ParabeLink/finetuning/ft_11_clustered/results/rankings/qwen3__raw__none__fold_0.json",
      "metrics": {
        "MRR": 0.3889227293097156,
        "MAP": 0.3488793471021716,
        "R-Precision": 0.2667919799498747,
        "Mean Rank": 31.62406015037594,
        "Median Rank": 4.0,
        "n_queries": 133,
        "Hit@1": 0.2631578947368421,
        "Recall@1": 0.19360902255639098,
        "P@1": 0.2631578947368421,
        "NDCG@1": 0.2631578947368421,
        "Hit@5": 0.5714285714285714,
        "Recall@5": 0.46604010025062653,
        "P@5": 0.1548872180451128,
        "NDCG@5": 0.36811737325099825,
        "Hit@10": 0.6390977443609023,
        "Recall@10": 0.5601503759398496,
        "P@10": 0.0969924812030075,
        "NDCG@10": 0.40278765925853555,
        "Hit@15": 0.6842105263157895,
        "Recall@15": 0.6120300751879699,
        "P@15": 0.0706766917293233,
        "NDCG@15": 0.4180998479821061,
        "Hit@50": 0.8571428571428571,
        "Recall@50": 0.8201754385964913,
        "P@50": 0.027518796992481203,
        "NDCG@50": 0.4660790239929213,
        "Hit@100": 0.9473684210526315,
        "Recall@100": 0.9122807017543859,
        "P@100": 0.014887218045112782,
        "NDCG@100": 0.4816944985466337,
        "Hit@200": 0.9548872180451128,
        "Recall@200": 0.9385964912280701,
        "P@200": 0.00774436090225564,
        "NDCG@200": 0.48630962341837025,
        "Hit@300": 0.9774436090225563,
        "Recall@300": 0.9699248120300752,
        "P@300": 0.00531328320802005,
        "NDCG@300": 0.4906183405459076
      }
    },
    {
      "fold": 1,
      "n_train_pairs": 868,
      "n_train_queries": 535,
      "n_test_queries": 133,
      "rankings_path": "/media/eimtest/data/lior/ParabeLink/finetuning/ft_11_clustered/results/rankings/qwen3__raw__none__fold_1.json",
      "metrics": {
        "MRR": 0.3826998207515615,
        "MAP": 0.3209299312987552,
        "R-Precision": 0.21591478696741856,
        "Mean Rank": 33.96992481203007,
        "Median Rank": 5.0,
        "n_queries": 133,
        "Hit@1": 0.2706766917293233,
        "Recall@1": 0.16428571428571428,
        "P@1": 0.2706766917293233,
        "NDCG@1": 0.2706766917293233,
        "Hit@5": 0.518796992481203,
        "Recall@5": 0.4076441102756892,
        "P@5": 0.1443609022556391,
        "NDCG@5": 0.3288684755359954,
        "Hit@10": 0.6466165413533834,
        "Recall@10": 0.5583959899749373,
        "P@10": 0.09924812030075188,
        "NDCG@10": 0.3822754325553922,
        "Hit@15": 0.6992481203007519,
        "Recall@15": 0.6340852130325815,
        "P@15": 0.07468671679197995,
        "NDCG@15": 0.40464641154588377,
        "Hit@50": 0.8120300751879699,
        "Recall@50": 0.793233082706767,
        "P@50": 0.02766917293233083,
        "NDCG@50": 0.4420891696450142,
        "Hit@100": 0.9172932330827067,
        "Recall@100": 0.9097744360902256,
        "P@100": 0.015263157894736845,
        "NDCG@100": 0.4616720127871527,
        "Hit@200": 0.9473684210526315,
        "Recall@200": 0.9423558897243107,
        "P@200": 0.007819548872180452,
        "NDCG@200": 0.46640805847093314,
        "Hit@300": 0.9774436090225563,
        "Recall@300": 0.9749373433583959,
        "P@300": 0.0053383458646616535,
        "NDCG@300": 0.47061401539537534
      }
    },
    {
      "fold": 2,
      "n_train_pairs": 868,
      "n_train_queries": 534,
      "n_test_queries": 134,
      "rankings_path": "/media/eimtest/data/lior/ParabeLink/finetuning/ft_11_clustered/results/rankings/qwen3__raw__none__fold_2.json",
      "metrics": {
        "MRR": 0.4374379820133155,
        "MAP": 0.38273788788046637,
        "R-Precision": 0.2849502487562189,
        "Mean Rank": 28.686567164179106,
        "Median Rank": 3.0,
        "n_queries": 134,
        "Hit@1": 0.31343283582089554,
        "Recall@1": 0.22786069651741292,
        "P@1": 0.31343283582089554,