{
  "experiment": "ft_11_clustered",
  "seed": 42,
  "early_stopping_metric": "ndcg@10",
  "continue_on_error": true,
  "model_alias": "e5_large",
  "model_config": {
    "model_name": "intfloat/e5-large-v2",
    "batch_size": 16,
    "gradient_accumulation_steps": 2,
    "gradient_checkpointing": false,
    "learning_rate": 2e-05,
    "max_seq_length": 512,
    "query_instruction": "query: ",
    "model_output_dir": "/data/lior/ft_11_clustered/models/e5_large"
  },
  "doc_config": "raw",
  "doc_config_details": {
    "template": "{fable}",
    "summary_variant": null,
    "description": "Original fable text only."
  },
  "summary_generator": null,
  "folds_run": [
    0,
    1,
    2,
    3,
    4
  ],
  "completed_folds": [
    0,
    1,
    2,
    3,
    4
  ],
  "errors": [],
  "mean_metrics": {
    "Hit@1": 0.20357984513522612,
    "Hit@10": 0.431051509370441,
    "Hit@100": 0.7769386151947032,
    "Hit@15": 0.4804399057344854,
    "Hit@200": 0.8832454270003366,
    "Hit@300": 0.9400965099315453,
    "Hit@5": 0.3502749410840534,
    "Hit@50": 0.6631130063965885,
    "MAP": 0.25140749353053865,
    "MRR": 0.2786334405288296,
    "Mean Rank": 72.67957580518461,
    "Median Rank": 19.3,
    "NDCG@1": 0.20357984513522612,
    "NDCG@10": 0.2788550328963916,
    "NDCG@100": 0.35978673170568376,
    "NDCG@15": 0.29548015586160514,
    "NDCG@200": 0.37671985293092136,
    "NDCG@300": 0.3846112202987129,
    "NDCG@5": 0.24623378086911196,
    "NDCG@50": 0.33784065418111686,
    "P@1": 0.20357984513522612,
    "P@10": 0.0806901582313994,
    "P@100": 0.013338345864661654,
    "P@15": 0.05948079153106647,
    "P@200": 0.007380428683649423,
    "P@300": 0.005149740021696032,
    "P@5": 0.12695993715632364,
    "P@50": 0.023173605655930872,
    "R-Precision": 0.18961957131635057,
    "Recall@1": 0.10700781805259418,
    "Recall@10": 0.3818486514794449,
    "Recall@100": 0.7554730108854224,
    "Recall@15": 0.43863427224778356,
    "Recall@200": 0.8715127370665469,
    "Recall@300": 0.9322401152134067,
    "Recall@5": 0.2893109639771069,
    "Recall@50": 0.6309207720794523,
    "n_queries": 133.6
  },
  "std_metrics": {
    "Hit@1": 0.03314971256637313,
    "Hit@10": 0.03036950840159121,
    "Hit@100": 0.017442008516927367,
    "Hit@15": 0.03348030793975705,
    "Hit@200": 0.0110562542636939,
    "Hit@300": 0.008381072064707545,
    "Hit@5": 0.032898353432776896,
    "Hit@50": 0.024463965266468515,
    "MAP": 0.03421269506225923,
    "MRR": 0.028689823143591885,
    "Mean Rank": 4.309666124794683,
    "Median Rank": 4.632493928760188,
    "NDCG@1": 0.03314971256637313,
    "NDCG@10": 0.03368371967395341,
    "NDCG@100": 0.02945446295158188,
    "NDCG@15": 0.03218057258800851,
    "NDCG@200": 0.025591273584148196,
    "NDCG@300": 0.027331127456829505,
    "NDCG@5": 0.033073838544489864,
    "NDCG@50": 0.030133665126461033,
    "P@1": 0.03314971256637313,
    "P@10": 0.004699372700542977,
    "P@100": 0.00022029544660668912,
    "P@15": 0.0028254626149523867,
    "P@200": 9.173864070774816e-05,
    "P@300": 2.1197763205374516e-05,
    "P@5": 0.00964494333742233,
    "P@50": 0.0008029340301925907,
    "R-Precision": 0.04021282696779587,
    "Recall@1": 0.033336616693561034,
    "Recall@10": 0.03927590061249531,
    "Recall@100": 0.02025535349288467,
    "Recall@15": 0.03565961098158864,
    "Recall@200": 0.012934576953345708,
    "Recall@300": 0.007321606425276347,
    "Recall@5": 0.03387089359597251,
    "Recall@50": 0.025193795594013337,
    "n_queries": 0.4898979485566356
  },
  "fold_results": [
    {
      "fold": 0,
      "n_train_pairs": 868,
      "n_train_queries": 535,
      "n_test_queries": 133,
      "rankings_path": "/media/eimtest/data/lior/ParabeLink/finetuning/ft_11_clustered/results/rankings/e5_large__raw__none__fold_0.json",
      "metrics": {
        "MRR": 0.2855815439404946,
        "MAP": 0.2606856276536688,
        "R-Precision": 0.2081453634085213,
        "Mean Rank": 71.9624060150376,
        "Median Rank": 25.0,
        "n_queries": 133,
        "Hit@1": 0.22556390977443608,
        "Recall@1": 0.11892230576441103,
        "P@1": 0.22556390977443608,
        "NDCG@1": 0.22556390977443608,
        "Hit@5": 0.3458646616541353,
        "Recall@5": 0.2914786967418546,
        "P@5": 0.1368421052631579,
        "NDCG@5": 0.25717546318785245,
        "Hit@10": 0.40601503759398494,
        "Recall@10": 0.3583959899749373,
        "P@10": 0.0819548872180451,
        "NDCG@10": 0.27947835938363513,
        "Hit@15": 0.45112781954887216,
        "Recall@15": 0.41002506265664157,
        "P@15": 0.05964912280701755,
        "NDCG@15": 0.2945133896265742,
        "Hit@50": 0.6466165413533834,
        "Recall@50": 0.6205513784461153,
        "P@50": 0.023157894736842106,
        "NDCG@50": 0.33941840918069843,
        "Hit@100": 0.7969924812030075,
        "Recall@100": 0.7741854636591479,
        "P@100": 0.013609022556390979,
        "NDCG@100": 0.36593871758326085,
        "Hit@200": 0.8947368421052632,
        "Recall@200": 0.8759398496240601,
        "P@200": 0.007443609022556391,
        "NDCG@200": 0.38074703734598303,
        "Hit@300": 0.9398496240601504,
        "Recall@300": 0.9323308270676691,
        "P@300": 0.00518796992481203,
        "NDCG@300": 0.38811195944441623
      }
    },
    {
      "fold": 1,
      "n_train_pairs": 868,
      "n_train_queries": 535,
      "n_test_queries": 133,
      "rankings_path": "/media/eimtest/data/lior/ParabeLink/finetuning/ft_11_clustered/results/rankings/e5_large__raw__none__fold_1.json",
      "metrics": {
        "MRR": 0.24861752510133464,
        "MAP": 0.22761144221613197,
        "R-Precision": 0.15363408521303257,
        "Mean Rank": 80.35338345864662,
        "Median Rank": 24.0,
        "n_queries": 133,
        "Hit@1": 0.17293233082706766,
        "Recall@1": 0.0763157894736842,
        "P@1": 0.17293233082706766,
        "NDCG@1": 0.17293233082706766,
        "Hit@5": 0.3383458646616541,
        "Recall@5": 0.28020050125313284,
        "P@5": 0.12631578947368421,
        "NDCG@5": 0.22598067578476536,
        "Hit@10": 0.39849624060150374,
        "Recall@10": 0.34686716791979955,
        "P@10": 0.08045112781954888,
        "NDCG@10": 0.2520004918734621,
        "Hit@15": 0.44360902255639095,
        "Recall@15": 0.4082706766917293,
        "P@15": 0.05914786967418547,
        "NDCG@15": 0.26955847291648666,
        "Hit@50": 0.6390977443609023,
        "Recall@50": 0.613032581453634,
        "P@50": 0.023157894736842106,
        "NDCG@50": 0.31397343932484,
        "Hit@100": 0.7518796992481203,
        "Recall@100": 0.7260651629072682,
        "P@100": 0.013082706766917295,
        "NDCG@100": 0.33364137563571106,
        "Hit@200": 0.8796992481203008,
        "Recall@200": 0.8709273182957393,
        "P@200": 0.007443609022556391,
        "NDCG@200": 0.354642416902769,
        "Hit@300": 0.924812030075188,
        "Recall@300": 0.918546365914787,
        "P@300": 0.005137844611528822,
        "NDCG@300": 0.3608021292744953
      }
    },
    {
      "fold": 2,
      "n_train_pairs": 868,
      "n_train_queries": 534,
      "n_test_queries": 134,
      "rankings_path": "/media/eimtest/data/lior/ParabeLink/finetuning/ft_11_clustered/results/rankings/e5_large__raw__none__fold_2.json",
      "metrics": {
        "MRR": 0.3224119915270461,
        "MAP": 0.3065222817936342,
        "R-Precision": 0.25907960199004976,
        "Mean Rank": 69.43283582089552,
        "Median Rank": 12.5,
        "n_queries": 134,
        "Hit@1": 0.2537313432835821,
        "Recall@1": 0.16256218905472639,
        "P@1": 0.2537313432835821,
        "NDCG@1": 0.2537313432835821,
        "Hit@5": 0.373134328358209,
        "Recall@5": 0.3225124378109453,
        "P@5": 0.1328358208955224,
        "NDCG@5": 0.29059270602144005,
        "Hit@10": 0.48507462686567165,
        "Recall@10": 0.457089552238806,
        "P@10": 0.08880597014925372,
        "NDCG@10": 0.33742683446034066,