{
  "experiment": "ft_11_clustered",
  "seed": 42,
  "early_stopping_metric": "ndcg@10",
  "continue_on_error": true,
  "model_alias": "qwen3_4b",
  "model_config": {
    "model_name": "Qwen/Qwen3-Embedding-4B",
    "batch_size": 2,
    "gradient_accumulation_steps": 8,
    "gradient_checkpointing": true,
    "learning_rate": 0.0001,
    "max_seq_length": 512,
    "trust_remote_code": true,
    "model_kwargs": {
      "torch_dtype": "auto"
    },
    "query_instruction": "Instruct: Given a text, retrieve the most relevant passage that answers the query\nQuery: ",
    "lora": {
      "r": 64,
      "alpha": 128,
      "dropout": 0.05,
      "target_modules": [
        "q_proj",
        "k_proj",
        "v_proj",
        "o_proj"
      ]
    },
    "model_output_dir": "/data/lior/ft_11_clustered/models/qwen3_4b"
  },
  "doc_config": "raw",
  "doc_config_details": {
    "template": "{fable}",
    "summary_variant": null,
    "description": "Original fable text only."
  },
  "summary_generator": null,
  "folds_run": [
    0,
    1,
    2,
    3,
    4
  ],
  "completed_folds": [
    0,
    1,
    2,
    3,
    4
  ],
  "errors": [],
  "mean_metrics": {
    "Hit@1": 0.2709909101110986,
    "Hit@10": 0.6241387049713837,
    "Hit@100": 0.9072045786107058,
    "Hit@15": 0.6645606553697677,
    "Hit@200": 0.947604084838963,
    "Hit@300": 0.9715407922792055,
    "Hit@5": 0.5088766692851532,
    "Hit@50": 0.8248681405005049,
    "MAP": 0.32562120389943733,
    "MRR": 0.3801643016148879,
    "Mean Rank": 36.53873863763887,
    "Median Rank": 5.7,
    "NDCG@1": 0.2709909101110986,
    "NDCG@10": 0.3789164602419843,
    "NDCG@100": 0.4579229720585061,
    "NDCG@15": 0.39684440967215345,
    "NDCG@200": 0.46683416487693014,
    "NDCG@300": 0.47082563244213815,
    "NDCG@5": 0.3349739866390945,
    "NDCG@50": 0.4413582891212747,
    "P@1": 0.2709909101110986,
    "P@10": 0.08983166872404894,
    "P@100": 0.014567388620805746,
    "P@15": 0.06757715183481092,
    "P@200": 0.007724890584670632,
    "P@300": 0.005284479856357311,
    "P@5": 0.13835259791269217,
    "P@50": 0.026441925709796883,
    "R-Precision": 0.23641061609247,
    "Recall@1": 0.17843152657763814,
    "Recall@10": 0.5358579284030973,
    "Recall@100": 0.8809389144503049,
    "Recall@15": 0.5922864998316687,
    "Recall@200": 0.9377135001683314,
    "Recall@300": 0.9670519582538436,
    "Recall@5": 0.4113105525006547,
    "Recall@50": 0.7871316350577937,
    "n_queries": 133.6
  },
  "std_metrics": {
    "Hit@1": 0.017137913305733787,
    "Hit@10": 0.04875688731263754,
    "Hit@100": 0.012910929613190798,
    "Hit@15": 0.05238072625046817,
    "Hit@200": 0.010571501951568753,
    "Hit@300": 0.009992219152422734,
    "Hit@5": 0.05248116274180019,
    "Hit@50": 0.0276609577800626,
    "MAP": 0.018101174448562938,
    "MRR": 0.02238724167346314,
    "Mean Rank": 3.244441974087158,
    "Median Rank": 1.32664991614216,
    "NDCG@1": 0.017137913305733787,
    "NDCG@10": 0.02706761662732693,
    "NDCG@100": 0.017512463705620245,
    "NDCG@15": 0.027252713573085407,
    "NDCG@200": 0.0168539589202831,
    "NDCG@300": 0.016295780724990737,
    "NDCG@5": 0.025639834965612417,
    "NDCG@50": 0.021530910312571264,
    "P@1": 0.017137913305733787,
    "P@10": 0.00791758574455802,
    "P@100": 0.00045233147133926676,
    "P@15": 0.005919168572258461,
    "P@200": 0.00011975949760777915,
    "P@300": 4.989405710697547e-05,
    "P@5": 0.016334142608774506,
    "P@50": 0.0016392061814891614,
    "R-Precision": 0.012459104099454759,
    "Recall@1": 0.010173557675532144,
    "Recall@10": 0.05026456328808996,
    "Recall@100": 0.019966686798865006,
    "Recall@15": 0.052289127936220016,
    "Recall@200": 0.012375259939055376,
    "Recall@300": 0.012323558372182708,
    "Recall@5": 0.0468328129981902,
    "Recall@50": 0.03185390061835186,
    "n_queries": 0.4898979485566356
  },
  "fold_results": [
    {
      "fold": 0,
      "n_train_pairs": 868,
      "n_train_queries": 535,
      "n_test_queries": 133,
      "rankings_path": "/media/eimtest/data/lior/ParabeLink/finetuning/ft_11_clustered/results/rankings/qwen3_4b__raw__none__fold_0.json",
      "metrics": {
        "MRR": 0.38807303048429226,
        "MAP": 0.33767609232509926,
        "R-Precision": 0.25300751879699246,
        "Mean Rank": 41.3609022556391,
        "Median Rank": 5.0,
        "n_queries": 133,
        "Hit@1": 0.2781954887218045,
        "Recall@1": 0.16691729323308271,
        "P@1": 0.2781954887218045,
        "NDCG@1": 0.2781954887218045,
        "Hit@5": 0.5037593984962406,
        "Recall@5": 0.419047619047619,
        "P@5": 0.156390977443609,
        "NDCG@5": 0.3472522409582464,
        "Hit@10": 0.6165413533834586,
        "Recall@10": 0.537844611528822,
        "P@10": 0.09774436090225563,
        "NDCG@10": 0.3879684960624541,
        "Hit@15": 0.6541353383458647,
        "Recall@15": 0.593734335839599,
        "P@15": 0.0736842105263158,
        "NDCG@15": 0.40668603592995606,
        "Hit@50": 0.8421052631578947,
        "Recall@50": 0.8120300751879699,
        "P@50": 0.028120300751879705,
        "NDCG@50": 0.45471025049954406,
        "Hit@100": 0.9022556390977443,
        "Recall@100": 0.8822055137844611,
        "P@100": 0.014887218045112784,
        "NDCG@100": 0.4663748422583525,
        "Hit@200": 0.9398496240601504,
        "Recall@200": 0.9298245614035087,
        "P@200": 0.00774436090225564,
        "NDCG@200": 0.473577948067911,
        "Hit@300": 0.9548872180451128,
        "Recall@300": 0.9473684210526315,
        "P@300": 0.005238095238095239,
        "NDCG@300": 0.4759258579380172
      }
    },
    {
      "fold": 1,
      "n_train_pairs": 868,
      "n_train_queries": 535,
      "n_test_queries": 133,
      "rankings_path": "/media/eimtest/data/lior/ParabeLink/finetuning/ft_11_clustered/results/rankings/qwen3_4b__raw__none__fold_1.json",
      "metrics": {
        "MRR": 0.3672243777145202,
        "MAP": 0.3126671532554636,
        "R-Precision": 0.24210526315789477,
        "Mean Rank": 34.59398496240601,
        "Median Rank": 8.0,
        "n_queries": 133,
        "Hit@1": 0.2857142857142857,
        "Recall@1": 0.16553884711779449,
        "P@1": 0.2857142857142857,
        "NDCG@1": 0.2857142857142857,
        "Hit@5": 0.44360902255639095,
        "Recall@5": 0.34235588972431075,
        "P@5": 0.1398496240601504,
        "NDCG@5": 0.305822641212776,
        "Hit@10": 0.556390977443609,
        "Recall@10": 0.4703007518796992,
        "P@10": 0.08947368421052632,
        "NDCG@10": 0.3496100291768293,
        "Hit@15": 0.6015037593984962,
        "Recall@15": 0.538220551378446,
        "P@15": 0.06967418546365915,
        "NDCG@15": 0.3715736713220443,
        "Hit@50": 0.8195488721804511,
        "Recall@50": 0.7994987468671679,
        "P@50": 0.027969924812030072,
        "NDCG@50": 0.4287674565819941,
        "Hit@100": 0.924812030075188,
        "Recall@100": 0.9135338345864662,
        "P@100": 0.015263157894736845,
        "NDCG@100": 0.4475128142409174,
        "Hit@200": 0.9548872180451128,
        "Recall@200": 0.9548872180451128,
        "P@200": 0.007932330827067671,
        "NDCG@200": 0.45389972011229496,
        "Hit@300": 0.9774436090225563,
        "Recall@300": 0.9774436090225563,
        "P@300": 0.0053634085213032584,
        "NDCG@300": 0.456712351212086
      }
    },
    {
      "fold": 2,
      "n_train_pairs": 868,
      "n_train_queries": 534,
      "n_test_queries": 134,
      "rankings_path": "/media/eimtest/data/lior/ParabeLink/finetuning/ft_11_clustered/results/rankings/qwen3_4b__raw__none__fold_2.json",
      "metrics": {
        "MRR": 0.3471816246857717,
        "MAP": 0.299551341488627,
        "R-Precision": 0.2154228855721393,
        "Mean Rank": 34.30597014925373,
        "Median Rank": 6.0,
        "n_queries": 134,
        "Hit@1": 0.23880597014925373,
        "Recall@1": 0.18967661691542287,
        "P@1": 0.23880597014925373,
        "NDCG@1": 0.23880597014925373,