{
  "experiment": "ft_11_clustered",
  "seed": 42,
  "early_stopping_metric": "ndcg@10",
  "continue_on_error": true,
  "model_alias": "bge_m3",
  "model_config": {
    "model_name": "BAAI/bge-m3",
    "batch_size": 8,
    "gradient_accumulation_steps": 2,
    "gradient_checkpointing": true,
    "learning_rate": 2e-05,
    "max_seq_length": 512,
    "query_instruction": "",
    "model_output_dir": "/data/lior/ft_11_clustered/models/bge_m3"
  },
  "doc_config": "raw",
  "doc_config_details": {
    "template": "{fable}",
    "summary_variant": null,
    "description": "Original fable text only."
  },
  "summary_generator": null,
  "folds_run": [
    0,
    1,
    2,
    3,
    4
  ],
  "completed_folds": [
    0,
    1,
    2,
    3,
    4
  ],
  "errors": [],
  "mean_metrics": {
    "Hit@1": 0.18418808214566265,
    "Hit@10": 0.4116036359555605,
    "Hit@100": 0.7214678487262933,
    "Hit@15": 0.47896981259117943,
    "Hit@200": 0.8308046234990462,
    "Hit@300": 0.9160924699809225,
    "Hit@5": 0.3443272360004489,
    "Hit@50": 0.6227247222533946,
    "MAP": 0.24160823529248865,
    "MRR": 0.26369203353917653,
    "Mean Rank": 89.5788463696555,
    "Median Rank": 18.0,
    "NDCG@1": 0.18418808214566265,
    "NDCG@10": 0.26637303547114444,
    "NDCG@100": 0.34101292247130816,
    "NDCG@15": 0.28682944471356103,
    "NDCG@200": 0.35802724452762635,
    "NDCG@300": 0.36936537985048495,
    "NDCG@5": 0.23930083043179562,
    "NDCG@50": 0.322282839381784,
    "P@1": 0.18418808214566265,
    "P@10": 0.07724497811693412,
    "P@100": 0.012589720570081921,
    "P@15": 0.05858227658698987,
    "P@200": 0.00703602289305353,
    "P@300": 0.005019863090562227,
    "P@5": 0.12398159578049603,
    "P@50": 0.02227651217596229,
    "R-Precision": 0.17801163356151573,
    "Recall@1": 0.09760015710919089,
    "Recall@10": 0.3642084689335279,
    "Recall@100": 0.6990485542213744,
    "Recall@15": 0.43522593797927656,
    "Recall@200": 0.814370441027943,
    "Recall@300": 0.9026278382523472,
    "Recall@5": 0.28701922717240863,
    "Recall@50": 0.5910142894549807,
    "n_queries": 133.6
  },
  "std_metrics": {
    "Hit@1": 0.018650301851377827,
    "Hit@10": 0.028540006203740895,
    "Hit@100": 0.0323092969446846,
    "Hit@15": 0.03067721522510803,
    "Hit@200": 0.018364817916020505,
    "Hit@300": 0.029179397911336745,
    "Hit@5": 0.021939724480917785,
    "Hit@50": 0.02088262084229697,
    "MAP": 0.013307012364709037,
    "MRR": 0.012343035193189383,
    "Mean Rank": 8.958956285934269,
    "Median Rank": 2.898275349237888,
    "NDCG@1": 0.018650301851377827,
    "NDCG@10": 0.013926351798469966,
    "NDCG@100": 0.012523732897007747,
    "NDCG@15": 0.01214151850647201,
    "NDCG@200": 0.009309467459009535,
    "NDCG@300": 0.01193685634928517,
    "NDCG@5": 0.018647688731301213,
    "NDCG@50": 0.012348343704646419,
    "P@1": 0.018650301851377827,
    "P@10": 0.0050289086936900025,
    "P@100": 0.0005903891490842941,
    "P@15": 0.0038579863704861495,
    "P@200": 0.00014611378847771258,
    "P@300": 0.0001220426272732932,
    "P@5": 0.013637120987675944,
    "P@50": 0.0013216143570683203,
    "R-Precision": 0.01860924852221104,
    "Recall@1": 0.012276558523435807,
    "Recall@10": 0.028154091080338332,
    "Recall@100": 0.035424474772919254,
    "Recall@15": 0.031808915345455685,
    "Recall@200": 0.019112283176450393,
    "Recall@300": 0.030436876770032793,
    "Recall@5": 0.027010302272757827,
    "Recall@50": 0.02509387664515409,
    "n_queries": 0.4898979485566356
  },
  "fold_results": [
    {
      "fold": 0,
      "n_train_pairs": 868,
      "n_train_queries": 535,
      "n_test_queries": 133,
      "rankings_path": "/media/eimtest/data/lior/ParabeLink/finetuning/ft_11_clustered/results/rankings/bge_m3__raw__none__fold_0.json",
      "metrics": {
        "MRR": 0.27705390359999177,
        "MAP": 0.25612462908685657,
        "R-Precision": 0.2031328320802005,
        "Mean Rank": 95.69172932330827,
        "Median Rank": 21.0,
        "n_queries": 133,
        "Hit@1": 0.21052631578947367,
        "Recall@1": 0.10739348370927318,
        "P@1": 0.21052631578947367,
        "NDCG@1": 0.21052631578947367,
        "Hit@5": 0.37593984962406013,
        "Recall@5": 0.3221804511278195,
        "P@5": 0.14436090225563908,
        "NDCG@5": 0.26389503530809755,
        "Hit@10": 0.41353383458646614,
        "Recall@10": 0.3713032581453634,
        "P@10": 0.08270676691729323,
        "NDCG@10": 0.2794816975580418,
        "Hit@15": 0.48872180451127817,
        "Recall@15": 0.4401002506265664,
        "P@15": 0.06215538847117795,
        "NDCG@15": 0.2994656373220593,
        "Hit@50": 0.6015037593984962,
        "Recall@50": 0.575187969924812,
        "P@50": 0.022706766917293234,
        "NDCG@50": 0.3297576744800571,
        "Hit@100": 0.6766917293233082,
        "Recall@100": 0.6578947368421053,
        "P@100": 0.012330827067669173,
        "NDCG@100": 0.34382988551998983,
        "Hit@200": 0.8120300751879699,
        "Recall@200": 0.793233082706767,
        "P@200": 0.006954887218045113,
        "NDCG@200": 0.3633864058654243,
        "Hit@300": 0.9097744360902256,
        "Recall@300": 0.8934837092731829,
        "P@300": 0.005012531328320803,
        "NDCG@300": 0.3761835722751679
      }
    },
    {
      "fold": 1,
      "n_train_pairs": 868,
      "n_train_queries": 535,
      "n_test_queries": 133,
      "rankings_path": "/media/eimtest/data/lior/ParabeLink/finetuning/ft_11_clustered/results/rankings/bge_m3__raw__none__fold_1.json",
      "metrics": {
        "MRR": 0.26587241798880135,
        "MAP": 0.24267402973630195,
        "R-Precision": 0.18132832080200498,
        "Mean Rank": 100.13533834586467,
        "Median Rank": 22.0,
        "n_queries": 133,
        "Hit@1": 0.19548872180451127,
        "Recall@1": 0.10137844611528823,
        "P@1": 0.19548872180451127,
        "NDCG@1": 0.19548872180451127,
        "Hit@5": 0.3233082706766917,
        "Recall@5": 0.2640350877192982,
        "P@5": 0.12330827067669171,
        "NDCG@5": 0.23606306733719642,
        "Hit@10": 0.3609022556390977,
        "Recall@10": 0.3150375939849624,
        "P@10": 0.07142857142857142,
        "NDCG@10": 0.25406122778691803,
        "Hit@15": 0.42105263157894735,
        "Recall@15": 0.3779448621553885,
        "P@15": 0.05463659147869675,
        "NDCG@15": 0.27251576181767795,
        "Hit@50": 0.6240601503759399,
        "Recall@50": 0.587719298245614,
        "P@50": 0.022556390977443608,
        "NDCG@50": 0.320812832238017,
        "Hit@100": 0.706766917293233,
        "Recall@100": 0.6879699248120301,
        "P@100": 0.012781954887218047,
        "NDCG@100": 0.3387314237324022,
        "Hit@200": 0.8270676691729323,
        "Recall@200": 0.818295739348371,
        "P@200": 0.007180451127819549,
        "NDCG@200": 0.35763836198464544,
        "Hit@300": 0.8721804511278195,
        "Recall@300": 0.8671679197994988,
        "P@300": 0.004962406015037594,
        "NDCG@300": 0.3638806692022068
      }
    },
    {
      "fold": 2,
      "n_train_pairs": 868,
      "n_train_queries": 534,
      "n_test_queries": 134,
      "rankings_path": "/media/eimtest/data/lior/ParabeLink/finetuning/ft_11_clustered/results/rankings/bge_m3__raw__none__fold_2.json",
      "metrics": {
        "MRR": 0.2767127623427173,
        "MAP": 0.25459751758423416,
        "R-Precision": 0.1822139303482587,
        "Mean Rank": 78.63432835820896,
        "Median Rank": 16.0,
        "n_queries": 134,
        "Hit@1": 0.1865671641791045,
        "Recall@1": 0.09788557213930349,
        "P@1": 0.1865671641791045,
        "NDCG@1": 0.1865671641791045,
        "Hit@5": 0.3656716417910448,
        "Recall@5": 0.31716417910447764,
        "P@5": 0.1328358208955224,
        "NDCG@5": 0.2573472691999207,
        "Hit@10": 0.44776119402985076,
        "Recall@10": 0.402363184079602,
        "P@10": 0.08283582089552237,
        "NDCG@10": 0.2857931026608906,
        "Hit@15": 0.5,