{
  "experiment": "ft_11_clustered",
  "model_alias": "sfr",
  "model_config": {
    "model_name": "Salesforce/SFR-Embedding-Mistral",
    "batch_size": 2,
    "gradient_accumulation_steps": 8,
    "gradient_checkpointing": true,
    "learning_rate": 0.0001,
    "max_seq_length": 512,
    "model_kwargs": {
      "torch_dtype": "auto"
    },
    "query_instruction": "Instruct: Given a moral statement, retrieve the fable that best conveys this moral.\nQuery: ",
    "lora": {
      "r": 64,
      "alpha": 128,
      "dropout": 0.05,
      "target_modules": [
        "q_proj",
        "k_proj",
        "v_proj",
        "o_proj"
      ]
    },
    "model_output_dir": "/data/lior/ft_11_clustered/models/sfr"
  },
  "doc_config": "direct_moral_only",
  "doc_config_details": {
    "template": "{direct_moral}",
    "summary_variant": "direct_moral",
    "description": "Generated direct moral only."
  },
  "summary_generator": "gemini",
  "folds_run": [
    0
  ],
  "mean_metrics": {
    "Hit@1": 0.39849624060150374,
    "Hit@10": 0.6691729323308271,
    "Hit@100": 0.849624060150376,
    "Hit@15": 0.6842105263157895,
    "Hit@200": 0.9022556390977443,
    "Hit@300": 0.9774436090225563,
    "Hit@5": 0.6240601503759399,
    "Hit@50": 0.7819548872180451,
    "MAP": 0.4406821510102203,
    "MRR": 0.5025292353735722,
    "Mean Rank": 44.3609022556391,
    "Median Rank": 2.0,
    "NDCG@1": 0.39849624060150374,
    "NDCG@10": 0.48959190115384027,
    "NDCG@100": 0.5436524648402068,
    "NDCG@15": 0.49911748580865006,
    "NDCG@200": 0.5521240509950933,
    "NDCG@300": 0.5622375392133988,
    "NDCG@5": 0.46121887688744945,
    "NDCG@50": 0.530993071822477,
    "P@1": 0.39849624060150374,
    "P@10": 0.10451127819548871,
    "P@100": 0.014360902255639098,
    "P@15": 0.07468671679197995,
    "P@200": 0.007518796992481203,
    "P@300": 0.005288220551378446,
    "P@5": 0.17293233082706766,
    "P@50": 0.026766917293233085,
    "R-Precision": 0.34135338345864663,
    "Recall@1": 0.27205513784461155,
    "Recall@10": 0.6032581453634084,
    "Recall@100": 0.8320802005012531,
    "Recall@15": 0.6300751879699249,
    "Recall@200": 0.8909774436090225,
    "Recall@300": 0.9699248120300752,
    "Recall@5": 0.5299498746867167,
    "Recall@50": 0.7587719298245614,
    "n_queries": 133.0
  },
  "std_metrics": {
    "Hit@1": 0.0,
    "Hit@10": 0.0,
    "Hit@100": 0.0,
    "Hit@15": 0.0,
    "Hit@200": 0.0,
    "Hit@300": 0.0,
    "Hit@5": 0.0,
    "Hit@50": 0.0,
    "MAP": 0.0,
    "MRR": 0.0,
    "Mean Rank": 0.0,
    "Median Rank": 0.0,
    "NDCG@1": 0.0,
    "NDCG@10": 0.0,
    "NDCG@100": 0.0,
    "NDCG@15": 0.0,
    "NDCG@200": 0.0,
    "NDCG@300": 0.0,
    "NDCG@5": 0.0,
    "NDCG@50": 0.0,
    "P@1": 0.0,
    "P@10": 0.0,
    "P@100": 0.0,
    "P@15": 0.0,
    "P@200": 0.0,
    "P@300": 0.0,
    "P@5": 0.0,
    "P@50": 0.0,
    "R-Precision": 0.0,
    "Recall@1": 0.0,
    "Recall@10": 0.0,
    "Recall@100": 0.0,
    "Recall@15": 0.0,
    "Recall@200": 0.0,
    "Recall@300": 0.0,
    "Recall@5": 0.0,
    "Recall@50": 0.0,
    "n_queries": 0.0
  },
  "fold_results": [
    {
      "fold": 0,
      "n_train_pairs": 868,
      "n_train_queries": 535,
      "n_test_queries": 133,
      "rankings_path": "/media/eimtest/data/lior/ParabeLink/finetuning/ft_11_clustered/results/rankings/sfr__direct_moral_only__gemini__fold_0.json",
      "metrics": {
        "MRR": 0.5025292353735722,
        "MAP": 0.4406821510102203,
        "R-Precision": 0.34135338345864663,
        "Mean Rank": 44.3609022556391,
        "Median Rank": 2.0,
        "n_queries": 133,
        "Hit@1": 0.39849624060150374,
        "Recall@1": 0.27205513784461155,
        "P@1": 0.39849624060150374,
        "NDCG@1": 0.39849624060150374,
        "Hit@5": 0.6240601503759399,
        "Recall@5": 0.5299498746867167,
        "P@5": 0.17293233082706766,
        "NDCG@5": 0.46121887688744945,
        "Hit@10": 0.6691729323308271,
        "Recall@10": 0.6032581453634084,
        "P@10": 0.10451127819548871,
        "NDCG@10": 0.48959190115384027,
        "Hit@15": 0.6842105263157895,
        "Recall@15": 0.6300751879699249,
        "P@15": 0.07468671679197995,
        "NDCG@15": 0.49911748580865006,
        "Hit@50": 0.7819548872180451,
        "Recall@50": 0.7587719298245614,
        "P@50": 0.026766917293233085,
        "NDCG@50": 0.530993071822477,
        "Hit@100": 0.849624060150376,
        "Recall@100": 0.8320802005012531,
        "P@100": 0.014360902255639098,
        "NDCG@100": 0.5436524648402068,
        "Hit@200": 0.9022556390977443,
        "Recall@200": 0.8909774436090225,
        "P@200": 0.007518796992481203,
        "NDCG@200": 0.5521240509950933,
        "Hit@300": 0.9774436090225563,
        "Recall@300": 0.9699248120300752,
        "P@300": 0.005288220551378446,
        "NDCG@300": 0.5622375392133988
      }
    }
  ]
}