{
  "experiment": "ft_11_clustered",
  "seed": 42,
  "early_stopping_metric": "ndcg@10",
  "continue_on_error": true,
  "model_alias": "e5_base",
  "model_config": {
    "model_name": "intfloat/e5-base-v2",
    "batch_size": 32,
    "gradient_accumulation_steps": 1,
    "gradient_checkpointing": false,
    "learning_rate": 2e-05,
    "max_seq_length": 512,
    "query_instruction": "query: ",
    "model_output_dir": "/data/lior/ft_11_clustered/models/e5_base"
  },
  "doc_config": "raw",
  "doc_config_details": {
    "template": "{fable}",
    "summary_variant": null,
    "description": "Original fable text only."
  },
  "summary_generator": null,
  "folds_run": [
    0,
    1,
    2,
    3,
    4
  ],
  "completed_folds": [
    0,
    1,
    2,
    3,
    4
  ],
  "errors": [],
  "mean_metrics": {
    "Hit@1": 0.16920659858601728,
    "Hit@10": 0.36378633150039275,
    "Hit@100": 0.6886208057457075,
    "Hit@15": 0.42063741443160135,
    "Hit@200": 0.8098417686006061,
    "Hit@300": 0.8846930759735159,
    "Hit@5": 0.302468858713949,
    "Hit@50": 0.594287958702727,
    "MAP": 0.19939539482200136,
    "MRR": 0.23688323585204724,
    "Mean Rank": 99.30916844349682,
    "Median Rank": 25.6,
    "NDCG@1": 0.16920659858601728,
    "NDCG@10": 0.22197325071689314,
    "NDCG@100": 0.3022708612869725,
    "NDCG@15": 0.23767173093749677,
    "NDCG@200": 0.32189371571210773,
    "NDCG@300": 0.332762050739851,
    "NDCG@5": 0.19671572350582378,
    "NDCG@50": 0.28286254163159524,
    "P@1": 0.16920659858601728,
    "P@10": 0.06512961508248231,
    "P@100": 0.011976658063068118,
    "P@15": 0.048807092357760075,
    "P@200": 0.006878633150039277,
    "P@300": 0.004920098754348559,
    "P@5": 0.10063292559757604,
    "P@50": 0.02077926158680283,
    "R-Precision": 0.14386638237384505,
    "Recall@1": 0.0896687614558785,
    "Recall@10": 0.30099221935435605,
    "Recall@100": 0.6594714397935136,
    "Recall@15": 0.3549152732577713,
    "Recall@200": 0.7902515617401713,
    "Recall@300": 0.8732908764448434,
    "Recall@5": 0.23181199266823777,
    "Recall@50": 0.5501445778625669,
    "n_queries": 133.6
  },
  "std_metrics": {
    "Hit@1": 0.0303408033735303,
    "Hit@10": 0.03866565459449379,
    "Hit@100": 0.02037188965079577,
    "Hit@15": 0.029341162399242705,
    "Hit@200": 0.026420325295202173,
    "Hit@300": 0.0183004304855765,
    "Hit@5": 0.04081655459860988,
    "Hit@50": 0.01646144856358253,
    "MAP": 0.028974187969621586,
    "MRR": 0.028675090764229635,
    "Mean Rank": 7.881153729270985,
    "Median Rank": 2.4166091947189146,
    "NDCG@1": 0.0303408033735303,
    "NDCG@10": 0.03363630652766478,
    "NDCG@100": 0.025006090674847777,
    "NDCG@15": 0.03096339455959703,
    "NDCG@200": 0.019926840842623313,
    "NDCG@300": 0.021066962593761295,
    "NDCG@5": 0.03399244614951523,
    "NDCG@50": 0.023144195925744925,
    "P@1": 0.0303408033735303,
    "P@10": 0.009115433543335202,
    "P@100": 0.00039426003824610063,
    "P@15": 0.00535031733100708,
    "P@200": 0.000182390681170452,
    "P@300": 4.908162501868684e-05,
    "P@5": 0.017502066328353348,
    "P@50": 0.0009011491106286345,
    "R-Precision": 0.03116319519629181,
    "Recall@1": 0.02011919280742573,
    "Recall@10": 0.043256078382061754,
    "Recall@100": 0.018713988189241616,
    "Recall@15": 0.03488728440785273,
    "Recall@200": 0.02860359305737163,
    "Recall@300": 0.017061062177778162,
    "Recall@5": 0.042496591465896356,
    "Recall@50": 0.015971991413277965,
    "n_queries": 0.4898979485566356
  },
  "fold_results": [
    {
      "fold": 0,
      "n_train_pairs": 868,
      "n_train_queries": 535,
      "n_test_queries": 133,
      "rankings_path": "/media/eimtest/data/lior/ParabeLink/finetuning/ft_11_clustered/results/rankings/e5_base__raw__none__fold_0.json",
      "metrics": {
        "MRR": 0.24196943244776464,
        "MAP": 0.20718218022726284,
        "R-Precision": 0.16002506265664163,
        "Mean Rank": 101.10526315789474,
        "Median Rank": 28.0,
        "n_queries": 133,
        "Hit@1": 0.18796992481203006,
        "Recall@1": 0.08483709273182956,
        "P@1": 0.18796992481203006,
        "NDCG@1": 0.18796992481203006,
        "Hit@5": 0.3082706766917293,
        "Recall@5": 0.22894736842105265,
        "P@5": 0.11278195488721804,
        "NDCG@5": 0.20203265995513858,
        "Hit@10": 0.3458646616541353,
        "Recall@10": 0.2942355889724311,
        "P@10": 0.07142857142857142,
        "NDCG@10": 0.22565099597189564,
        "Hit@15": 0.39097744360902253,
        "Recall@15": 0.3398496240601504,
        "P@15": 0.052631578947368425,
        "NDCG@15": 0.23902937517157608,
        "Hit@50": 0.5864661654135338,
        "Recall@50": 0.5438596491228069,
        "P@50": 0.021954887218045113,
        "NDCG@50": 0.2863709454298768,
        "Hit@100": 0.6766917293233082,
        "Recall@100": 0.650375939849624,
        "P@100": 0.012255639097744362,
        "NDCG@100": 0.3044950316165121,
        "Hit@200": 0.8120300751879699,
        "Recall@200": 0.793233082706767,
        "P@200": 0.006954887218045113,
        "NDCG@200": 0.32504458491338817,
        "Hit@300": 0.8796992481203008,
        "Recall@300": 0.8709273182957393,
        "P@300": 0.00493734335839599,
        "NDCG@300": 0.3350605755066831
      }
    },
    {
      "fold": 1,
      "n_train_pairs": 868,
      "n_train_queries": 535,
      "n_test_queries": 133,
      "rankings_path": "/media/eimtest/data/lior/ParabeLink/finetuning/ft_11_clustered/results/rankings/e5_base__raw__none__fold_1.json",
      "metrics": {
        "MRR": 0.2520659565583969,
        "MAP": 0.21688431842243797,
        "R-Precision": 0.1637844611528822,
        "Mean Rank": 108.0375939849624,
        "Median Rank": 26.0,
        "n_queries": 133,
        "Hit@1": 0.18045112781954886,
        "Recall@1": 0.10989974937343358,
        "P@1": 0.18045112781954886,
        "NDCG@1": 0.18045112781954886,
        "Hit@5": 0.3458646616541353,
        "Recall@5": 0.26842105263157895,
        "P@5": 0.11127819548872181,
        "NDCG@5": 0.22260053530646853,
        "Hit@10": 0.39097744360902253,
        "Recall@10": 0.32055137844611536,
        "P@10": 0.06541353383458647,
        "NDCG@10": 0.2403504908333544,
        "Hit@15": 0.43609022556390975,
        "Recall@15": 0.37005012531328324,
        "P@15": 0.048120300751879695,
        "NDCG@15": 0.2546510014145568,
        "Hit@50": 0.5864661654135338,
        "Recall@50": 0.5363408521303258,
        "P@50": 0.02015037593984963,
        "NDCG@50": 0.29386392624212615,
        "Hit@100": 0.6992481203007519,
        "Recall@100": 0.6621553884711779,
        "P@100": 0.012105263157894737,
        "NDCG@100": 0.31687939053818964,
        "Hit@200": 0.7819548872180451,
        "Recall@200": 0.7586466165413535,
        "P@200": 0.006729323308270677,
        "NDCG@200": 0.3313368617796581,
        "Hit@300": 0.8646616541353384,
        "Recall@300": 0.8506265664160401,
        "P@300": 0.004862155388471179,
        "NDCG@300": 0.3434494883563405
      }
    },
    {
      "fold": 2,
      "n_train_pairs": 868,
      "n_train_queries": 534,
      "n_test_queries": 134,
      "rankings_path": "/media/eimtest/data/lior/ParabeLink/finetuning/ft_11_clustered/results/rankings/e5_base__raw__none__fold_2.json",
      "metrics": {
        "MRR": 0.27982169337833673,
        "MAP": 0.238583881403,
        "R-Precision": 0.1814676616915423,
        "Mean Rank": 97.45522388059702,
        "Median Rank": 21.0,
        "n_queries": 134,
        "Hit@1": 0.208955223880597,
        "Recall@1": 0.11592039800995024,
        "P@1": 0.208955223880597,
        "NDCG@1": 0.208955223880597,
        "Hit@5": 0.34328358208955223,
        "Recall@5": 0.279726368159204,
        "P@5": 0.11940298507462686,
        "NDCG@5": 0.23952671893863542,
        "Hit@10": 0.4253731343283582,
        "Recall@10": 0.3672885572139304,
        "P@10": 0.07835820895522388,
        "NDCG@10": 0.27093727777247356,