{
  "experiment": "ft_11_clustered",
  "seed": 42,
  "early_stopping_metric": "ndcg@10",
  "continue_on_error": true,
  "model_alias": "contriever",
  "model_config": {
    "model_name": "facebook/contriever",
    "batch_size": 32,
    "gradient_accumulation_steps": 1,
    "gradient_checkpointing": false,
    "learning_rate": 2e-05,
    "max_seq_length": 512,
    "query_instruction": "",
    "model_output_dir": "/data/lior/ft_11_clustered/models/contriever"
  },
  "doc_config": "raw",
  "doc_config_details": {
    "template": "{fable}",
    "summary_variant": null,
    "description": "Original fable text only."
  },
  "summary_generator": null,
  "folds_run": [
    0,
    1,
    2,
    3,
    4
  ],
  "completed_folds": [
    0,
    1,
    2,
    3,
    4
  ],
  "errors": [],
  "mean_metrics": {
    "Hit@1": 0.1392211872965997,
    "Hit@10": 0.3712041297273033,
    "Hit@100": 0.6885534732353271,
    "Hit@15": 0.422096285489844,
    "Hit@200": 0.8128268432274718,
    "Hit@300": 0.88167433509146,
    "Hit@5": 0.2888901357872292,
    "Hit@50": 0.5822466614296936,
    "MAP": 0.1798937128363,
    "MRR": 0.21464418052890316,
    "Mean Rank": 99.30721580069577,
    "Median Rank": 30.2,
    "NDCG@1": 0.1392211872965997,
    "NDCG@10": 0.20569563694327853,
    "NDCG@100": 0.28499531827021646,
    "NDCG@15": 0.22248996705016916,
    "NDCG@200": 0.3057411690065826,
    "NDCG@300": 0.3156230416666723,
    "NDCG@5": 0.17843237637632345,
    "NDCG@50": 0.2643321590505094,
    "P@1": 0.1392211872965997,
    "P@10": 0.060473571989675665,
    "P@100": 0.011706654696442598,
    "P@15": 0.04670108106086111,
    "P@200": 0.00678150600381551,
    "P@300": 0.00483032207384132,
    "P@5": 0.09041633935585233,
    "P@50": 0.020088878913702164,
    "R-Precision": 0.12338308457711442,
    "Recall@1": 0.07547151460741405,
    "Recall@10": 0.29717390491153256,
    "Recall@100": 0.6481322709759473,
    "Recall@15": 0.3525760296263046,
    "Recall@200": 0.7869043878352597,
    "Recall@300": 0.8619472187932518,
    "Recall@5": 0.22101522462873602,
    "Recall@50": 0.5301213855534359,
    "n_queries": 133.6
  },
  "std_metrics": {
    "Hit@1": 0.01922279296786111,
    "Hit@10": 0.038586443917320946,
    "Hit@100": 0.03693705615248854,
    "Hit@15": 0.04071043332526078,
    "Hit@200": 0.03667518187171167,
    "Hit@300": 0.028890677706329006,
    "Hit@5": 0.027422183822702534,
    "Hit@50": 0.03230037754602659,
    "MAP": 0.02182541960254327,
    "MRR": 0.018997973373353974,
    "Mean Rank": 12.74637204109208,
    "Median Rank": 7.447147104764348,
    "NDCG@1": 0.01922279296786111,
    "NDCG@10": 0.023790420500093896,
    "NDCG@100": 0.024083711568549965,
    "NDCG@15": 0.024242637378597016,
    "NDCG@200": 0.02430063429665423,
    "NDCG@300": 0.022680955053636435,
    "NDCG@5": 0.02249553430053671,
    "NDCG@50": 0.023311615038663903,
    "P@1": 0.01922279296786111,
    "P@10": 0.006529446154062865,
    "P@100": 0.0005684010567096831,
    "P@15": 0.004353021964135055,
    "P@200": 0.00026526069300872085,
    "P@300": 0.00011652588619505847,
    "P@5": 0.009149571795925366,
    "P@50": 0.0011275579825442944,
    "R-Precision": 0.01556443890831603,
    "Recall@1": 0.01185295095454515,
    "Recall@10": 0.03574625935444685,
    "Recall@100": 0.04257887913914779,
    "Recall@15": 0.03645772927117219,
    "Recall@200": 0.042078053852254355,
    "Recall@300": 0.030900443782061828,
    "Recall@5": 0.030835261316895745,
    "Recall@50": 0.03632064653189363,
    "n_queries": 0.4898979485566356
  },
  "fold_results": [
    {
      "fold": 0,
      "n_train_pairs": 868,
      "n_train_queries": 535,
      "n_test_queries": 133,
      "rankings_path": "/media/eimtest/data/lior/ParabeLink/finetuning/ft_11_clustered/results/rankings/contriever__raw__none__fold_0.json",
      "metrics": {
        "MRR": 0.21717848246272958,
        "MAP": 0.1909919633953389,
        "R-Precision": 0.13157894736842105,
        "Mean Rank": 93.06766917293233,
        "Median Rank": 38.0,
        "n_queries": 133,
        "Hit@1": 0.14285714285714285,
        "Recall@1": 0.08170426065162907,
        "P@1": 0.14285714285714285,
        "NDCG@1": 0.14285714285714285,
        "Hit@5": 0.2781954887218045,
        "Recall@5": 0.21553884711779447,
        "P@5": 0.08721804511278197,
        "NDCG@5": 0.18433456763790854,
        "Hit@10": 0.3533834586466165,
        "Recall@10": 0.28020050125313284,
        "P@10": 0.05714285714285714,
        "NDCG@10": 0.20809242113257215,
        "Hit@15": 0.41353383458646614,
        "Recall@15": 0.34411027568922303,
        "P@15": 0.04411027568922306,
        "NDCG@15": 0.22659619472453954,
        "Hit@50": 0.556390977443609,
        "Recall@50": 0.5062656641604011,
        "P@50": 0.01954887218045113,
        "NDCG@50": 0.2649116020588822,
        "Hit@100": 0.7142857142857143,
        "Recall@100": 0.6736842105263158,
        "P@100": 0.01218045112781955,
        "NDCG@100": 0.29411646487555315,
        "Hit@200": 0.8421052631578947,
        "Recall@200": 0.8157894736842105,
        "P@200": 0.00699248120300752,
        "NDCG@200": 0.31498380784758034,
        "Hit@300": 0.8947368421052632,
        "Recall@300": 0.8771929824561403,
        "P@300": 0.004912280701754386,
        "NDCG@300": 0.3230864646431131
      }
    },
    {
      "fold": 1,
      "n_train_pairs": 868,
      "n_train_queries": 535,
      "n_test_queries": 133,
      "rankings_path": "/media/eimtest/data/lior/ParabeLink/finetuning/ft_11_clustered/results/rankings/contriever__raw__none__fold_1.json",
      "metrics": {
        "MRR": 0.20622737945984543,
        "MAP": 0.16252307605239721,
        "R-Precision": 0.11842105263157894,
        "Mean Rank": 121.76691729323308,
        "Median Rank": 33.0,
        "n_queries": 133,
        "Hit@1": 0.13533834586466165,
        "Recall@1": 0.06754385964912281,
        "P@1": 0.13533834586466165,
        "NDCG@1": 0.13533834586466165,
        "Hit@5": 0.2781954887218045,
        "Recall@5": 0.19799498746867164,
        "P@5": 0.09172932330827069,
        "NDCG@5": 0.16239332732308268,
        "Hit@10": 0.3533834586466165,
        "Recall@10": 0.27631578947368424,
        "P@10": 0.06015037593984962,
        "NDCG@10": 0.1892826641541222,
        "Hit@15": 0.39097744360902253,
        "Recall@15": 0.3151629072681705,
        "P@15": 0.045614035087719294,
        "NDCG@15": 0.2020093370935645,
        "Hit@50": 0.5488721804511278,
        "Recall@50": 0.49172932330827074,
        "P@50": 0.02,
        "NDCG@50": 0.24546663442972425,
        "Hit@100": 0.6165413533834586,
        "Recall@100": 0.574937343358396,
        "P@100": 0.011278195488721804,
        "NDCG@100": 0.2603455850164737,
        "Hit@200": 0.7518796992481203,
        "Recall@200": 0.7268170426065164,
        "P@200": 0.006616541353383459,
        "NDCG@200": 0.28300513984362313,
        "Hit@300": 0.8270676691729323,
        "Recall@300": 0.8107769423558898,
        "P@300": 0.004736842105263157,
        "NDCG@300": 0.29393927099075434
      }
    },
    {
      "fold": 2,
      "n_train_pairs": 868,
      "n_train_queries": 534,
      "n_test_queries": 134,
      "rankings_path": "/media/eimtest/data/lior/ParabeLink/finetuning/ft_11_clustered/results/rankings/contriever__raw__none__fold_2.json",
      "metrics": {
        "MRR": 0.24543508786272808,
        "MAP": 0.21366138457029307,
        "R-Precision": 0.14104477611940297,
        "Mean Rank": 84.57462686567165,
        "Median Rank": 16.0,
        "n_queries": 134,
        "Hit@1": 0.15671641791044777,
        "Recall@1": 0.09390547263681591,
        "P@1": 0.15671641791044777,
        "NDCG@1": 0.15671641791044777,
        "Hit@5": 0.34328358208955223,
        "Recall@5": 0.281592039800995,
        "P@5": 0.1044776119402985,
        "NDCG@5": 0.21804864768794582,
        "Hit@10": 0.44776119402985076,
        "Recall@10": 0.36853233830845766,
        "P@10": 0.07014925373134327,
        "NDCG@10": 0.24872960726689466,
        "Hit@15": 0.5,