{
  "experiment": "ft_11_clustered",
  "model_alias": "sfr",
  "model_config": {
    "model_name": "Salesforce/SFR-Embedding-Mistral",
    "batch_size": 2,
    "gradient_accumulation_steps": 8,
    "gradient_checkpointing": true,
    "learning_rate": 0.0001,
    "max_seq_length": 512,
    "model_kwargs": {
      "torch_dtype": "auto"
    },
    "query_instruction": "Instruct: Given a moral statement, retrieve the fable that best conveys this moral.\nQuery: ",
    "lora": {
      "r": 64,
      "alpha": 128,
      "dropout": 0.05,
      "target_modules": [
        "q_proj",
        "k_proj",
        "v_proj",
        "o_proj"
      ]
    },
    "model_output_dir": "/data/lior/ft_11_clustered/models/sfr"
  },
  "doc_config": "raw",
  "doc_config_details": {
    "template": "{fable}",
    "summary_variant": null,
    "description": "Original fable text only."
  },
  "summary_generator": null,
  "folds_run": [
    0
  ],
  "mean_metrics": {
    "Hit@1": 0.3308270676691729,
    "Hit@10": 0.6616541353383458,
    "Hit@100": 0.9022556390977443,
    "Hit@15": 0.7218045112781954,
    "Hit@200": 0.9624060150375939,
    "Hit@300": 0.9924812030075187,
    "Hit@5": 0.5789473684210527,
    "Hit@50": 0.8270676691729323,
    "MAP": 0.40235288213525416,
    "MRR": 0.44892643575624946,
    "Mean Rank": 30.39097744360902,
    "Median Rank": 3.0,
    "NDCG@1": 0.3308270676691729,
    "NDCG@10": 0.4598392264998272,
    "NDCG@100": 0.518721932772231,
    "NDCG@15": 0.47946926784715765,
    "NDCG@200": 0.5284748294800294,
    "NDCG@300": 0.5322047855166342,
    "NDCG@5": 0.4204262683190509,
    "NDCG@50": 0.5049795971308362,
    "P@1": 0.3308270676691729,
    "P@10": 0.11353383458646617,
    "P@100": 0.014962406015037594,
    "P@15": 0.08220551378446116,
    "P@200": 0.007857142857142856,
    "P@300": 0.0053383458646616535,
    "P@5": 0.18345864661654135,
    "P@50": 0.027669172932330833,
    "R-Precision": 0.29172932330827067,
    "Recall@1": 0.2068922305764411,
    "Recall@10": 0.6179197994987469,
    "Recall@100": 0.8847117794486214,
    "Recall@15": 0.6873433583959899,
    "Recall@200": 0.9523809523809523,
    "Recall@300": 0.9824561403508771,
    "Recall@5": 0.5078947368421053,
    "Recall@50": 0.8082706766917294,
    "n_queries": 133.0
  },
  "std_metrics": {
    "Hit@1": 0.0,
    "Hit@10": 0.0,
    "Hit@100": 0.0,
    "Hit@15": 0.0,
    "Hit@200": 0.0,
    "Hit@300": 0.0,
    "Hit@5": 0.0,
    "Hit@50": 0.0,
    "MAP": 0.0,
    "MRR": 0.0,
    "Mean Rank": 0.0,
    "Median Rank": 0.0,
    "NDCG@1": 0.0,
    "NDCG@10": 0.0,
    "NDCG@100": 0.0,
    "NDCG@15": 0.0,
    "NDCG@200": 0.0,
    "NDCG@300": 0.0,
    "NDCG@5": 0.0,
    "NDCG@50": 0.0,
    "P@1": 0.0,
    "P@10": 0.0,
    "P@100": 0.0,
    "P@15": 0.0,
    "P@200": 0.0,
    "P@300": 0.0,
    "P@5": 0.0,
    "P@50": 0.0,
    "R-Precision": 0.0,
    "Recall@1": 0.0,
    "Recall@10": 0.0,
    "Recall@100": 0.0,
    "Recall@15": 0.0,
    "Recall@200": 0.0,
    "Recall@300": 0.0,
    "Recall@5": 0.0,
    "Recall@50": 0.0,
    "n_queries": 0.0
  },
  "fold_results": [
    {
      "fold": 0,
      "n_train_pairs": 868,
      "n_train_queries": 535,
      "n_test_queries": 133,
      "rankings_path": "/media/eimtest/data/lior/ParabeLink/finetuning/ft_11_clustered/results/rankings/sfr__raw__none__fold_0.json",
      "metrics": {
        "MRR": 0.44892643575624946,
        "MAP": 0.40235288213525416,
        "R-Precision": 0.29172932330827067,
        "Mean Rank": 30.39097744360902,
        "Median Rank": 3.0,
        "n_queries": 133,
        "Hit@1": 0.3308270676691729,
        "Recall@1": 0.2068922305764411,
        "P@1": 0.3308270676691729,
        "NDCG@1": 0.3308270676691729,
        "Hit@5": 0.5789473684210527,
        "Recall@5": 0.5078947368421053,
        "P@5": 0.18345864661654135,
        "NDCG@5": 0.4204262683190509,
        "Hit@10": 0.6616541353383458,
        "Recall@10": 0.6179197994987469,
        "P@10": 0.11353383458646617,
        "NDCG@10": 0.4598392264998272,
        "Hit@15": 0.7218045112781954,
        "Recall@15": 0.6873433583959899,
        "P@15": 0.08220551378446116,
        "NDCG@15": 0.47946926784715765,
        "Hit@50": 0.8270676691729323,
        "Recall@50": 0.8082706766917294,
        "P@50": 0.027669172932330833,
        "NDCG@50": 0.5049795971308362,
        "Hit@100": 0.9022556390977443,
        "Recall@100": 0.8847117794486214,
        "P@100": 0.014962406015037594,
        "NDCG@100": 0.518721932772231,
        "Hit@200": 0.9624060150375939,
        "Recall@200": 0.9523809523809523,
        "P@200": 0.007857142857142856,
        "NDCG@200": 0.5284748294800294,
        "Hit@300": 0.9924812030075187,
        "Recall@300": 0.9824561403508771,
        "P@300": 0.0053383458646616535,
        "NDCG@300": 0.5322047855166342
      }
    }
  ]
}