{
  "experiment": "ft_11_clustered",
  "seed": 42,
  "early_stopping_metric": "ndcg@10",
  "continue_on_error": true,
  "model_alias": "all_mpnet",
  "model_config": {
    "model_name": "sentence-transformers/all-mpnet-base-v2",
    "batch_size": 32,
    "gradient_accumulation_steps": 1,
    "gradient_checkpointing": false,
    "learning_rate": 2e-05,
    "max_seq_length": 512,
    "query_instruction": "",
    "model_output_dir": "/data/lior/ft_11_clustered/models/all_mpnet"
  },
  "doc_config": "raw",
  "doc_config_details": {
    "template": "{fable}",
    "summary_variant": null,
    "description": "Original fable text only."
  },
  "summary_generator": null,
  "folds_run": [
    0,
    1,
    2,
    3,
    4
  ],
  "completed_folds": [
    0,
    1,
    2,
    3,
    4
  ],
  "errors": [],
  "mean_metrics": {
    "Hit@1": 0.18113567500841654,
    "Hit@10": 0.4265402311749523,
    "Hit@100": 0.7738413197172036,
    "Hit@15": 0.48339131410616093,
    "Hit@200": 0.8756929637526654,
    "Hit@300": 0.9281225451688924,
    "Hit@5": 0.3517113679721692,
    "Hit@50": 0.6421164852429582,
    "MAP": 0.22652074378052584,
    "MRR": 0.2656001754387583,
    "Mean Rank": 78.3663898552351,
    "Median Rank": 19.3,
    "NDCG@1": 0.18113567500841654,
    "NDCG@10": 0.2575571871062298,
    "NDCG@100": 0.3418623746286505,
    "NDCG@15": 0.27521649180101215,
    "NDCG@200": 0.358252208474777,
    "NDCG@300": 0.36620895564453126,
    "NDCG@5": 0.2253866464149326,
    "NDCG@50": 0.3167019608503784,
    "P@1": 0.18113567500841654,
    "P@10": 0.0734934350802379,
    "P@100": 0.013083492312871734,
    "P@15": 0.055380241648898376,
    "P@200": 0.007252945797329144,
    "P@300": 0.005079938652601654,
    "P@5": 0.11135450566715296,
    "P@50": 0.022244417012680956,
    "R-Precision": 0.164838589009838,
    "Recall@1": 0.09688063442187558,
    "Recall@10": 0.36004133467998356,
    "Recall@100": 0.7462121722215987,
    "Recall@15": 0.4204761904761905,
    "Recall@200": 0.8564626117532639,
    "Recall@300": 0.9169769573186699,
    "Recall@5": 0.27125014027606326,
    "Recall@50": 0.6009972692926346,
    "n_queries": 133.6
  },
  "std_metrics": {
    "Hit@1": 0.017962117168628552,
    "Hit@10": 0.04013726467986049,
    "Hit@100": 0.03467796061768931,
    "Hit@15": 0.04478061926111031,
    "Hit@200": 0.024687097617812546,
    "Hit@300": 0.016240687421651617,
    "Hit@5": 0.026081690165196146,
    "Hit@50": 0.03228542189106784,
    "MAP": 0.013546659105033736,
    "MRR": 0.011897675304163347,
    "Mean Rank": 9.874478417635972,
    "Median Rank": 5.67097875150313,
    "NDCG@1": 0.017962117168628552,
    "NDCG@10": 0.015614821635735176,
    "NDCG@100": 0.01581289209953407,
    "NDCG@15": 0.01744405632554697,
    "NDCG@200": 0.015309632997123429,
    "NDCG@300": 0.013713546114729734,
    "NDCG@5": 0.01715110312722729,
    "NDCG@50": 0.015488231926573696,
    "P@1": 0.017962117168628552,
    "P@10": 0.005067448041491581,
    "P@100": 0.00030050631727495856,
    "P@15": 0.0037783452198017734,
    "P@200": 0.00021356527156762977,
    "P@300": 8.526861582888456e-05,
    "P@5": 0.01012835894601309,
    "P@50": 0.0008260049233790446,
    "R-Precision": 0.019075478884158788,
    "Recall@1": 0.013469113511201057,
    "Recall@10": 0.037812823959392505,
    "Recall@100": 0.032191835605703455,
    "Recall@15": 0.04196812536569598,
    "Recall@200": 0.030633057091007675,
    "Recall@300": 0.018491614519617127,
    "Recall@5": 0.029652436164038388,
    "Recall@50": 0.03293925969765867,
    "n_queries": 0.4898979485566356
  },
  "fold_results": [
    {
      "fold": 0,
      "n_train_pairs": 868,
      "n_train_queries": 535,
      "n_test_queries": 133,
      "rankings_path": "/media/eimtest/data/lior/ParabeLink/finetuning/ft_11_clustered/results/rankings/all_mpnet__raw__none__fold_0.json",
      "metrics": {
        "MRR": 0.26697349841484797,
        "MAP": 0.22671055989820374,
        "R-Precision": 0.1864661654135338,
        "Mean Rank": 79.3157894736842,
        "Median Rank": 29.0,
        "n_queries": 133,
        "Hit@1": 0.20300751879699247,
        "Recall@1": 0.09636591478696742,
        "P@1": 0.20300751879699247,
        "NDCG@1": 0.20300751879699247,
        "Hit@5": 0.3082706766917293,
        "Recall@5": 0.23659147869674182,
        "P@5": 0.11578947368421054,
        "NDCG@5": 0.21837067220536363,
        "Hit@10": 0.3684210526315789,
        "Recall@10": 0.318671679197995,
        "P@10": 0.07293233082706767,
        "NDCG@10": 0.24662117705905132,
        "Hit@15": 0.42105263157894735,
        "Recall@15": 0.3719298245614035,
        "P@15": 0.0531328320802005,
        "NDCG@15": 0.2614156747192154,
        "Hit@50": 0.6015037593984962,
        "Recall@50": 0.569423558897243,
        "P@50": 0.022105263157894735,
        "NDCG@50": 0.30683096553925476,
        "Hit@100": 0.7443609022556391,
        "Recall@100": 0.7285714285714286,
        "P@100": 0.013157894736842106,
        "NDCG@100": 0.334234405179395,
        "Hit@200": 0.8721804511278195,
        "Recall@200": 0.850375939849624,
        "P@200": 0.007255639097744362,
        "NDCG@200": 0.3519286185810498,
        "Hit@300": 0.9398496240601504,
        "Recall@300": 0.9323308270676691,
        "P@300": 0.0051879699248120305,
        "NDCG@300": 0.3628963697314746
      }
    },
    {
      "fold": 1,
      "n_train_pairs": 868,
      "n_train_queries": 535,
      "n_test_queries": 133,
      "rankings_path": "/media/eimtest/data/lior/ParabeLink/finetuning/ft_11_clustered/results/rankings/all_mpnet__raw__none__fold_1.json",
      "metrics": {
        "MRR": 0.245572989336484,
        "MAP": 0.20276364849388628,
        "R-Precision": 0.15538847117794485,
        "Mean Rank": 92.16541353383458,
        "Median Rank": 22.0,
        "n_queries": 133,
        "Hit@1": 0.15789473684210525,
        "Recall@1": 0.0969924812030075,
        "P@1": 0.15789473684210525,
        "NDCG@1": 0.15789473684210525,
        "Hit@5": 0.3383458646616541,
        "Recall@5": 0.23433583959899748,
        "P@5": 0.09172932330827069,
        "NDCG@5": 0.19665113140250767,
        "Hit@10": 0.41353383458646614,
        "Recall@10": 0.3256892230576441,
        "P@10": 0.06766917293233082,
        "NDCG@10": 0.23247175769430362,
        "Hit@15": 0.45112781954887216,
        "Recall@15": 0.3804511278195489,
        "P@15": 0.05162907268170427,
        "NDCG@15": 0.24913808573083995,
        "Hit@50": 0.6165413533834586,
        "Recall@50": 0.5654135338345864,
        "P@50": 0.021654135338345863,
        "NDCG@50": 0.2927055036612761,
        "Hit@100": 0.7293233082706767,
        "Recall@100": 0.700250626566416,
        "P@100": 0.012781954887218047,
        "NDCG@100": 0.31628499850482167,
        "Hit@200": 0.8421052631578947,
        "Recall@200": 0.8295739348370929,
        "P@200": 0.007218045112781956,
        "NDCG@200": 0.33547633425066026,
        "Hit@300": 0.9022556390977443,
        "Recall@300": 0.8922305764411028,
        "P@300": 0.005037593984962407,
        "NDCG@300": 0.34352027423333026
      }
    },
    {
      "fold": 2,
      "n_train_pairs": 868,
      "n_train_queries": 534,
      "n_test_queries": 134,
      "rankings_path": "/media/eimtest/data/lior/ParabeLink/finetuning/ft_11_clustered/results/rankings/all_mpnet__raw__none__fold_2.json",
      "metrics": {
        "MRR": 0.2829829749870414,
        "MAP": 0.24495901250870425,
        "R-Precision": 0.1890547263681592,
        "Mean Rank": 61.24626865671642,
        "Median Rank": 15.5,
        "n_queries": 134,
        "Hit@1": 0.20149253731343283,
        "Recall@1": 0.12027363184079602,
        "P@1": 0.20149253731343283,
        "NDCG@1": 0.20149253731343283,
        "Hit@5": 0.3805970149253731,
        "Recall@5": 0.29539800995024873,
        "P@5": 0.11791044776119404,
        "NDCG@5": 0.24629371370788708,
        "Hit@10": 0.41044776119402987,
        "Recall@10": 0.35211442786069647,
        "P@10": 0.07313432835820896,