{
  "experiment": "ft_11_clustered",
  "model_alias": "sfr",
  "model_config": {
    "model_name": "Salesforce/SFR-Embedding-Mistral",
    "batch_size": 2,
    "gradient_accumulation_steps": 8,
    "gradient_checkpointing": true,
    "learning_rate": 0.0001,
    "max_seq_length": 512,
    "model_kwargs": {
      "torch_dtype": "auto"
    },
    "query_instruction": "Instruct: Given a moral statement, retrieve the fable that best conveys this moral.\nQuery: ",
    "lora": {
      "r": 64,
      "alpha": 128,
      "dropout": 0.05,
      "target_modules": [
        "q_proj",
        "k_proj",
        "v_proj",
        "o_proj"
      ]
    },
    "model_output_dir": "/data/lior/ft_11_clustered/models/sfr"
  },
  "doc_config": "raw",
  "doc_config_details": {
    "template": "{fable}",
    "summary_variant": null,
    "description": "Original fable text only."
  },
  "summary_generator": null,
  "folds_run": [
    2
  ],
  "mean_metrics": {
    "Hit@1": 0.3208955223880597,
    "Hit@10": 0.6492537313432836,
    "Hit@100": 0.9029850746268657,
    "Hit@15": 0.6940298507462687,
    "Hit@200": 0.9701492537313433,
    "Hit@300": 0.9701492537313433,
    "Hit@5": 0.5447761194029851,
    "Hit@50": 0.8656716417910447,
    "MAP": 0.38730997194226296,
    "MRR": 0.4241196765815286,
    "Mean Rank": 31.35820895522388,
    "Median Rank": 4.0,
    "NDCG@1": 0.3208955223880597,
    "NDCG@10": 0.4377285563122485,
    "NDCG@100": 0.5076499613281716,
    "NDCG@15": 0.4561527248268984,
    "NDCG@200": 0.5190085876137903,
    "NDCG@300": 0.5194633772327123,
    "NDCG@5": 0.3945595833950718,
    "NDCG@50": 0.5016510041847567,
    "P@1": 0.3208955223880597,
    "P@10": 0.10447761194029849,
    "P@100": 0.014850746268656718,
    "P@15": 0.07711442786069651,
    "P@200": 0.00791044776119403,
    "P@300": 0.005298507462686569,
    "P@5": 0.16119402985074627,
    "P@50": 0.028955223880597014,
    "R-Precision": 0.2871890547263682,
    "Recall@1": 0.22263681592039802,
    "Recall@10": 0.5982587064676617,
    "Recall@100": 0.8911691542288557,
    "Recall@15": 0.6578358208955223,
    "Recall@200": 0.9676616915422886,
    "Recall@300": 0.9701492537313433,
    "Recall@5": 0.4762437810945273,
    "Recall@50": 0.8538557213930348,
    "n_queries": 134.0
  },
  "std_metrics": {
    "Hit@1": 0.0,
    "Hit@10": 0.0,
    "Hit@100": 0.0,
    "Hit@15": 0.0,
    "Hit@200": 0.0,
    "Hit@300": 0.0,
    "Hit@5": 0.0,
    "Hit@50": 0.0,
    "MAP": 0.0,
    "MRR": 0.0,
    "Mean Rank": 0.0,
    "Median Rank": 0.0,
    "NDCG@1": 0.0,
    "NDCG@10": 0.0,
    "NDCG@100": 0.0,
    "NDCG@15": 0.0,
    "NDCG@200": 0.0,
    "NDCG@300": 0.0,
    "NDCG@5": 0.0,
    "NDCG@50": 0.0,
    "P@1": 0.0,
    "P@10": 0.0,
    "P@100": 0.0,
    "P@15": 0.0,
    "P@200": 0.0,
    "P@300": 0.0,
    "P@5": 0.0,
    "P@50": 0.0,
    "R-Precision": 0.0,
    "Recall@1": 0.0,
    "Recall@10": 0.0,
    "Recall@100": 0.0,
    "Recall@15": 0.0,
    "Recall@200": 0.0,
    "Recall@300": 0.0,
    "Recall@5": 0.0,
    "Recall@50": 0.0,
    "n_queries": 0.0
  },
  "fold_results": [
    {
      "fold": 2,
      "n_train_pairs": 868,
      "n_train_queries": 534,
      "n_test_queries": 134,
      "rankings_path": "/media/eimtest/data/lior/ParabeLink/finetuning/ft_11_clustered/results/rankings/sfr__raw__none__fold_2.json",
      "metrics": {
        "MRR": 0.4241196765815286,
        "MAP": 0.38730997194226296,
        "R-Precision": 0.2871890547263682,
        "Mean Rank": 31.35820895522388,
        "Median Rank": 4.0,
        "n_queries": 134,
        "Hit@1": 0.3208955223880597,
        "Recall@1": 0.22263681592039802,
        "P@1": 0.3208955223880597,
        "NDCG@1": 0.3208955223880597,
        "Hit@5": 0.5447761194029851,
        "Recall@5": 0.4762437810945273,
        "P@5": 0.16119402985074627,
        "NDCG@5": 0.3945595833950718,
        "Hit@10": 0.6492537313432836,
        "Recall@10": 0.5982587064676617,
        "P@10": 0.10447761194029849,
        "NDCG@10": 0.4377285563122485,
        "Hit@15": 0.6940298507462687,
        "Recall@15": 0.6578358208955223,
        "P@15": 0.07711442786069651,
        "NDCG@15": 0.4561527248268984,
        "Hit@50": 0.8656716417910447,
        "Recall@50": 0.8538557213930348,
        "P@50": 0.028955223880597014,
        "NDCG@50": 0.5016510041847567,
        "Hit@100": 0.9029850746268657,
        "Recall@100": 0.8911691542288557,
        "P@100": 0.014850746268656718,
        "NDCG@100": 0.5076499613281716,
        "Hit@200": 0.9701492537313433,
        "Recall@200": 0.9676616915422886,
        "P@200": 0.00791044776119403,
        "NDCG@200": 0.5190085876137903,
        "Hit@300": 0.9701492537313433,
        "Recall@300": 0.9701492537313433,
        "P@300": 0.005298507462686569,
        "NDCG@300": 0.5194633772327123
      }
    }
  ]
}