{
  "baseline_raw_fable": {
    "MRR": 0.2097709042392714,
    "MAP": 0.2097709042392714,
    "R-Precision": 0.13963328631875882,
    "Mean Rank": 111.18617771509167,
    "Median Rank": 36.0,
    "n_queries": 709,
    "Recall@1": 0.13963328631875882,
    "P@1": 0.13963328631875882,
    "NDCG@1": 0.13963328631875882,
    "Recall@5": 0.2820874471086037,
    "P@5": 0.056417489421720736,
    "NDCG@5": 0.21055298644767523,
    "Recall@10": 0.3638928067700987,
    "P@10": 0.036389280677009875,
    "NDCG@10": 0.23715990111712826,
    "Recall@50": 0.5613540197461213,
    "P@50": 0.011227080394922427,
    "NDCG@50": 0.27949284622800896
  },
  "direct_moral__summary_only": {
    "MRR": 0.33677555330816494,
    "MAP": 0.33677555330816494,
    "R-Precision": 0.229901269393512,
    "Mean Rank": 70.11565585331452,
    "Median Rank": 7.0,
    "n_queries": 709,
    "Recall@1": 0.229901269393512,
    "P@1": 0.229901269393512,
    "NDCG@1": 0.229901269393512,
    "Recall@5": 0.43723554301833567,
    "P@5": 0.08744710860366713,
    "NDCG@5": 0.3416921678455538,
    "Recall@10": 0.5543018335684062,
    "P@10": 0.055430183356840614,
    "NDCG@10": 0.3805130765764891,
    "Recall@50": 0.7136812411847673,
    "P@50": 0.014273624823695345,
    "NDCG@50": 0.41683447464920337
  },
  "direct_moral__fable_plus_summary": {
    "MRR": 0.35178860596972306,
    "MAP": 0.35178860596972306,
    "R-Precision": 0.23695345557122707,
    "Mean Rank": 49.55289139633286,
    "Median Rank": 6.0,
    "n_queries": 709,
    "Recall@1": 0.23695345557122707,
    "P@1": 0.23695345557122707,
    "NDCG@1": 0.23695345557122707,
    "Recall@5": 0.48801128349788436,
    "P@5": 0.09760225669957687,
    "NDCG@5": 0.3685981502757662,
    "Recall@10": 0.5754583921015515,
    "P@10": 0.057545839210155145,
    "NDCG@10": 0.39649256181498477,
    "Recall@50": 0.7743300423131171,
    "P@50": 0.015486600846262341,
    "NDCG@50": 0.44069690363595504
  },
  "conceptual_abstract__summary_only": {
    "MRR": 0.3554573650434564,
    "MAP": 0.3554573650434564,
    "R-Precision": 0.2651622002820874,
    "Mean Rank": 63.76445698166432,
    "Median Rank": 7.0,
    "n_queries": 709,
    "Recall@1": 0.2651622002820874,
    "P@1": 0.2651622002820874,
    "NDCG@1": 0.2651622002820874,
    "Recall@5": 0.4527503526093089,
    "P@5": 0.09055007052186179,
    "NDCG@5": 0.3612816805798414,
    "Recall@10": 0.5543018335684062,
    "P@10": 0.055430183356840614,
    "NDCG@10": 0.39450865361333176,
    "Recall@50": 0.7362482369534555,
    "P@50": 0.014724964739069113,
    "NDCG@50": 0.4343470999025107
  },
  "conceptual_abstract__fable_plus_summary": {
    "MRR": 0.34905475933854574,
    "MAP": 0.34905475933854574,
    "R-Precision": 0.23554301833568406,
    "Mean Rank": 48.35119887165021,
    "Median Rank": 7.0,
    "n_queries": 709,
    "Recall@1": 0.23554301833568406,
    "P@1": 0.23554301833568406,
    "NDCG@1": 0.23554301833568406,
    "Recall@5": 0.4696755994358251,
    "P@5": 0.09393511988716502,
    "NDCG@5": 0.359301627032075,
    "Recall@10": 0.5768688293370945,
    "P@10": 0.05768688293370944,
    "NDCG@10": 0.39409263541155687,
    "Recall@50": 0.7884344146685472,
    "P@50": 0.015768688293370945,
    "NDCG@50": 0.44121409843304904
  },
  "proverb__summary_only": {
    "MRR": 0.2782808777147588,
    "MAP": 0.2782808777147588,
    "R-Precision": 0.18194640338504936,
    "Mean Rank": 87.32299012693935,
    "Median Rank": 15.0,
    "n_queries": 709,
    "Recall@1": 0.18194640338504936,
    "P@1": 0.18194640338504936,
    "NDCG@1": 0.18194640338504936,
    "Recall@5": 0.3906911142454161,
    "P@5": 0.07813822284908323,
    "NDCG@5": 0.2901777158158537,
    "Recall@10": 0.461212976022567,
    "P@10": 0.0461212976022567,
    "NDCG@10": 0.312961789828539,
    "Recall@50": 0.6502115655853314,
    "P@50": 0.01300423131170663,
    "NDCG@50": 0.3552215107331794
  },
  "proverb__fable_plus_summary": {
    "MRR": 0.3508275030980116,
    "MAP": 0.3508275030980116,
    "R-Precision": 0.2397743300423131,
    "Mean Rank": 51.26093088857546,
    "Median Rank": 7.0,
    "n_queries": 709,
    "Recall@1": 0.2397743300423131,
    "P@1": 0.2397743300423131,
    "NDCG@1": 0.2397743300423131,
    "Recall@5": 0.4682651622002821,
    "P@5": 0.09365303244005642,
    "NDCG@5": 0.3608440217156605,
    "Recall@10": 0.5726375176304654,
    "P@10": 0.05726375176304654,
    "NDCG@10": 0.394891290765587,
    "Recall@50": 0.7898448519040903,
    "P@50": 0.015796897038081806,
    "NDCG@50": 0.44234465918930765
  },
  "cot_proverb__summary_only": {
    "MRR": 0.30477430716823695,
    "MAP": 0.30477430716823695,
    "R-Precision": 0.21015514809590974,
    "Mean Rank": 87.63046544428772,
    "Median Rank": 12.0,
    "n_queries": 709,
    "Recall@1": 0.21015514809590974,
    "P@1": 0.21015514809590974,
    "NDCG@1": 0.21015514809590974,
    "Recall@5": 0.4033850493653032,
    "P@5": 0.08067700987306066,
    "NDCG@5": 0.31276728218982003,
    "Recall@10": 0.4922425952045134,
    "P@10": 0.04922425952045134,
    "NDCG@10": 0.34128964771422465,
    "Recall@50": 0.6755994358251057,
    "P@50": 0.013511988716502115,
    "NDCG@50": 0.38127866165392926
  },
  "cot_proverb__fable_plus_summary": {
    "MRR": 0.36013442060065987,
    "MAP": 0.36013442060065987,
    "R-Precision": 0.2524682651622003,
    "Mean Rank": 49.09026798307475,
    "Median Rank": 6.0,
    "n_queries": 709,
    "Recall@1": 0.2524682651622003,
    "P@1": 0.2524682651622003,
    "NDCG@1": 0.2524682651622003,
    "Recall@5": 0.4710860366713681,
    "P@5": 0.09421720733427362,
    "NDCG@5": 0.368320766577232,
    "Recall@10": 0.5754583921015515,
    "P@10": 0.057545839210155145,
    "NDCG@10": 0.40235505267190347,
    "Recall@50": 0.7842031029619182,
    "P@50": 0.015684062059238363,
    "NDCG@50": 0.44853109846344086
  }
}