{
  "config": {
    "model_name": "Linq-AI-Research/Linq-Embed-Mistral",
    "doc_mode": "fable_plus_summary",
    "epochs": 10,
    "batch_size": 4,
    "gradient_accumulation_steps": 4,
    "gradient_checkpointing": true,
    "max_seq_length": 512,
    "learning_rate": 0.0001,
    "seed": 42,
    "early_stopping_patience": 3,
    "query_instruction": "Instruct: Given a moral statement, retrieve the fable that best conveys this moral.\nQuery: ",
    "model_kwargs": {
      "torch_dtype": "auto"
    },
    "lora": {
      "r": 64,
      "alpha": 128,
      "dropout": 0.05,
      "target_modules": [
        "q_proj",
        "k_proj",
        "v_proj",
        "o_proj"
      ]
    },
    "model_output_dir": "/data/lior/ft_02_linq_5fold_cv/models",
    "wandb": {
      "project": "morables-finetuning",
      "enabled": true
    }
  },
  "folds_evaluated": [
    0,
    1,
    2,
    3,
    4
  ],
  "baseline_fold_metrics": [
    {
      "MRR": 0.3347596846293382,
      "MAP": 0.3347596846293382,
      "R-Precision": 0.2323943661971831,
      "Mean Rank": 48.183098591549296,
      "Median Rank": 9.5,
      "n_queries": 142,
      "Recall@1": 0.2323943661971831,
      "P@1": 0.2323943661971831,
      "NDCG@1": 0.2323943661971831,
      "Recall@5": 0.4084507042253521,
      "P@5": 0.08169014084507042,
      "NDCG@5": 0.333039021826789,
      "Recall@10": 0.5140845070422535,
      "P@10": 0.051408450704225346,
      "NDCG@10": 0.36682258398857037,
      "Recall@50": 0.7676056338028169,
      "P@50": 0.015352112676056339,
      "NDCG@50": 0.4223756349661821
    },
    {
      "MRR": 0.3530501422190968,
      "MAP": 0.3530501422190968,
      "R-Precision": 0.2535211267605634,
      "Mean Rank": 48.84507042253521,
      "Median Rank": 6.0,
      "n_queries": 142,
      "Recall@1": 0.2535211267605634,
      "P@1": 0.2535211267605634,
      "NDCG@1": 0.2535211267605634,
      "Recall@5": 0.4647887323943662,
      "P@5": 0.09295774647887324,
      "NDCG@5": 0.35986849672392063,
      "Recall@10": 0.5774647887323944,
      "P@10": 0.05774647887323943,
      "NDCG@10": 0.39694877291244374,
      "Recall@50": 0.7887323943661971,
      "P@50": 0.015774647887323946,
      "NDCG@50": 0.4438667876401612
    },
    {
      "MRR": 0.4076110332125883,
      "MAP": 0.4076110332125883,
      "R-Precision": 0.2746478873239437,
      "Mean Rank": 41.183098591549296,
      "Median Rank": 4.0,
      "n_queries": 142,
      "Recall@1": 0.2746478873239437,
      "P@1": 0.2746478873239437,
      "NDCG@1": 0.2746478873239437,
      "Recall@5": 0.5633802816901409,
      "P@5": 0.11267605633802816,
      "NDCG@5": 0.4288228275331359,
      "Recall@10": 0.6549295774647887,
      "P@10": 0.06549295774647886,
      "NDCG@10": 0.45882197179130124,
      "Recall@50": 0.852112676056338,
      "P@50": 0.017042253521126764,
      "NDCG@50": 0.5034709161000165
    },
    {
      "MRR": 0.3500647677892341,
      "MAP": 0.3500647677892341,
      "R-Precision": 0.24647887323943662,
      "Mean Rank": 58.99295774647887,
      "Median Rank": 7.0,
      "n_queries": 142,
      "Recall@1": 0.24647887323943662,
      "P@1": 0.24647887323943662,
      "NDCG@1": 0.24647887323943662,
      "Recall@5": 0.4647887323943662,
      "P@5": 0.09295774647887324,
      "NDCG@5": 0.3594221094813376,
      "Recall@10": 0.5845070422535211,
      "P@10": 0.05845070422535212,
      "NDCG@10": 0.39783410250771056,
      "Recall@50": 0.7183098591549296,
      "P@50": 0.014366197183098593,
      "NDCG@50": 0.4283498692822389
    },
    {
      "MRR": 0.3561547015755377,
      "MAP": 0.3561547015755377,
      "R-Precision": 0.2553191489361702,
      "Mean Rank": 48.297872340425535,
      "Median Rank": 7.0,
      "n_queries": 141,
      "Recall@1": 0.2553191489361702,
      "P@1": 0.2553191489361702,
      "NDCG@1": 0.2553191489361702,
      "Recall@5": 0.45390070921985815,
      "P@5": 0.09078014184397164,
      "NDCG@5": 0.36119802840969456,
      "Recall@10": 0.5460992907801419,
      "P@10": 0.05460992907801418,
      "NDCG@10": 0.39217460416924155,
      "Recall@50": 0.7872340425531915,
      "P@50": 0.01574468085106383,
      "NDCG@50": 0.44418368336483105
    }
  ],
  "finetuned_fold_metrics": [
    {
      "MRR": 0.43635465480675845,
      "MAP": 0.43635465480675845,
      "R-Precision": 0.30985915492957744,
      "Mean Rank": 29.528169014084508,
      "Median Rank": 3.0,
      "n_queries": 142,
      "Recall@1": 0.30985915492957744,
      "P@1": 0.30985915492957744,
      "NDCG@1": 0.30985915492957744,
      "Recall@5": 0.5563380281690141,
      "P@5": 0.11126760563380281,
      "NDCG@5": 0.44627415473137255,
      "Recall@10": 0.6830985915492958,
      "P@10": 0.06830985915492957,
      "NDCG@10": 0.4869493038421626,
      "Recall@50": 0.8591549295774648,
      "P@50": 0.0171830985915493,
      "NDCG@50": 0.5270598424560903
    },
    {
      "MRR": 0.39852704820045387,
      "MAP": 0.39852704820045387,
      "R-Precision": 0.2676056338028169,
      "Mean Rank": 34.809859154929576,
      "Median Rank": 4.0,
      "n_queries": 142,
      "Recall@1": 0.2676056338028169,
      "P@1": 0.2676056338028169,
      "NDCG@1": 0.2676056338028169,
      "Recall@5": 0.528169014084507,
      "P@5": 0.1056338028169014,
      "NDCG@5": 0.4146258198967234,
      "Recall@10": 0.6126760563380281,
      "P@10": 0.06126760563380281,
      "NDCG@10": 0.4415841999256556,
      "Recall@50": 0.8309859154929577,
      "P@50": 0.016619718309859158,
      "NDCG@50": 0.48905076538122294
    },
    {
      "MRR": 0.46447305054925614,
      "MAP": 0.46447305054925614,
      "R-Precision": 0.3380281690140845,
      "Mean Rank": 26.971830985915492,
      "Median Rank": 3.0,
      "n_queries": 142,
      "Recall@1": 0.3380281690140845,
      "P@1": 0.3380281690140845,
      "NDCG@1": 0.3380281690140845,
      "Recall@5": 0.6126760563380281,
      "P@5": 0.12253521126760557,
      "NDCG@5": 0.4872464847613234,
      "Recall@10": 0.6830985915492958,
      "P@10": 0.06830985915492956,
      "NDCG@10": 0.5105740903292958,
      "Recall@50": 0.8873239436619719,
      "P@50": 0.01774647887323944,
      "NDCG@50": 0.5537852773833332
    },
    {
      "MRR": 0.3677977893579083,
      "MAP": 0.3677977893579083,
      "R-Precision": 0.2323943661971831,
      "Mean Rank": 40.66197183098591,
      "Median Rank": 5.0,
      "n_queries": 142,
      "Recall@1": 0.2323943661971831,
      "P@1": 0.2323943661971831,
      "NDCG@1": 0.2323943661971831,
      "Recall@5": 0.5211267605633803,
      "P@5": 0.10422535211267606,
      "NDCG@5": 0.3888472347076977,
      "Recall@10": 0.6267605633802817,
      "P@10": 0.06267605633802815,
      "NDCG@10": 0.42172037909234394,
      "Recall@50": 0.8169014084507042,
      "P@50": 0.016338028169014085,
      "NDCG@50": 0.46328642993367775
    },
    {
      "MRR": 0.3840337860783876,
      "MAP": 0.3840337860783876,
      "R-Precision": 0.24822695035460993,
      "Mean Rank": 33.01418439716312,
      "Median Rank": 4.0,
      "n_queries": 141,
      "Recall@1": 0.24822695035460993,
      "P@1": 0.24822695035460993,
      "NDCG@1": 0.24822695035460993,
      "Recall@5": 0.5460992907801419,
      "P@5": 0.10921985815602837,
      "NDCG@5": 0.4065497735303453,
      "Recall@10": 0.6595744680851063,
      "P@10": 0.06595744680851064,
      "NDCG@10": 0.44208063473512077,
      "Recall@50": 0.8297872340425532,
      "P@50": 0.016595744680851062,
      "NDCG@50": 0.47973077951660353
    }
  ],
  "mean_finetuned_mrr": 0.4102372657985529,
  "std_finetuned_mrr": 0.03535109351159175,
  "mean_baseline_mrr": 0.360328065885159
}