{
  "config": {
    "model_name": "Linq-AI-Research/Linq-Embed-Mistral",
    "doc_mode": "fable_plus_summary",
    "epochs": 10,
    "batch_size": 4,
    "gradient_accumulation_steps": 4,
    "gradient_checkpointing": true,
    "max_seq_length": 512,
    "learning_rate": 0.0001,
    "seed": 42,
    "early_stopping_patience": 3,
    "query_instruction": "Instruct: Given a moral statement, retrieve the fable that best conveys this moral.\nQuery: ",
    "model_kwargs": {
      "torch_dtype": "auto"
    },
    "lora": {
      "r": 64,
      "alpha": 128,
      "dropout": 0.05,
      "target_modules": [
        "q_proj",
        "k_proj",
        "v_proj",
        "o_proj"
      ]
    },
    "model_output_dir": "/data/lior/ft_02_linq_5fold_cv/models",
    "wandb": {
      "project": "morables-finetuning",
      "enabled": true
    }
  },
  "folds_evaluated": [
    0,
    1,
    2,
    3,
    4
  ],
  "baseline_fold_metrics": [
    {
      "MRR": 0.215669264019817,
      "MAP": 0.215669264019817,
      "R-Precision": 0.14084507042253522,
      "Mean Rank": 92.07042253521126,
      "Median Rank": 34.5,
      "n_queries": 142,
      "Recall@1": 0.14084507042253522,
      "P@1": 0.14084507042253522,
      "NDCG@1": 0.14084507042253522,
      "Recall@5": 0.2746478873239437,
      "P@5": 0.05492957746478873,
      "NDCG@5": 0.21218983012723186,
      "Recall@10": 0.352112676056338,
      "P@10": 0.035211267605633804,
      "NDCG@10": 0.23739202000888876,
      "Recall@50": 0.6056338028169014,
      "P@50": 0.012112676056338029,
      "NDCG@50": 0.2911228285277345
    },
    {
      "MRR": 0.17351555787729583,
      "MAP": 0.17351555787729583,
      "R-Precision": 0.11267605633802817,
      "Mean Rank": 126.53521126760563,
      "Median Rank": 64.5,
      "n_queries": 142,
      "Recall@1": 0.11267605633802817,
      "P@1": 0.11267605633802817,
      "NDCG@1": 0.11267605633802817,
      "Recall@5": 0.2323943661971831,
      "P@5": 0.04647887323943662,
      "NDCG@5": 0.17274786120825866,
      "Recall@10": 0.2887323943661972,
      "P@10": 0.02887323943661972,
      "NDCG@10": 0.19064505999909556,
      "Recall@50": 0.4647887323943662,
      "P@50": 0.009295774647887323,
      "NDCG@50": 0.23104630878392005
    },
    {
      "MRR": 0.13870993702029896,
      "MAP": 0.13870993702029896,
      "R-Precision": 0.07042253521126761,
      "Mean Rank": 117.7394366197183,
      "Median Rank": 41.5,
      "n_queries": 142,
      "Recall@1": 0.07042253521126761,
      "P@1": 0.07042253521126761,
      "NDCG@1": 0.07042253521126761,
      "Recall@5": 0.19718309859154928,
      "P@5": 0.03943661971830986,
      "NDCG@5": 0.133273001613303,
      "Recall@10": 0.3028169014084507,
      "P@10": 0.030281690140845068,
      "NDCG@10": 0.166726956785881,
      "Recall@50": 0.5422535211267606,
      "P@50": 0.010845070422535213,
      "NDCG@50": 0.2173114135833815
    },
    {
      "MRR": 0.18217932303536918,
      "MAP": 0.18217932303536918,
      "R-Precision": 0.1056338028169014,
      "Mean Rank": 118.84507042253522,
      "Median Rank": 34.0,
      "n_queries": 142,
      "Recall@1": 0.1056338028169014,
      "P@1": 0.1056338028169014,
      "NDCG@1": 0.1056338028169014,
      "Recall@5": 0.2605633802816901,
      "P@5": 0.052112676056338035,
      "NDCG@5": 0.1830026235262949,
      "Recall@10": 0.34507042253521125,
      "P@10": 0.03450704225352113,
      "NDCG@10": 0.21027638273761567,
      "Recall@50": 0.5704225352112676,
      "P@50": 0.011408450704225352,
      "NDCG@50": 0.260111356443641
    },
    {
      "MRR": 0.19039667844825336,
      "MAP": 0.19039667844825336,
      "R-Precision": 0.1276595744680851,
      "Mean Rank": 105.1418439716312,
      "Median Rank": 37.0,
      "n_queries": 141,
      "Recall@1": 0.1276595744680851,
      "P@1": 0.1276595744680851,
      "NDCG@1": 0.1276595744680851,
      "Recall@5": 0.23404255319148937,
      "P@5": 0.046808510638297884,
      "NDCG@5": 0.18347260900616386,
      "Recall@10": 0.3049645390070922,
      "P@10": 0.030496453900709226,
      "NDCG@10": 0.20609814403040433,
      "Recall@50": 0.5460992907801419,
      "P@50": 0.010921985815602837,
      "NDCG@50": 0.258992668143453
    }
  ],
  "finetuned_fold_metrics": [
    {
      "MRR": 0.4307583147340716,
      "MAP": 0.4307583147340716,
      "R-Precision": 0.3028169014084507,
      "Mean Rank": 29.823943661971832,
      "Median Rank": 3.0,
      "n_queries": 142,
      "Recall@1": 0.3028169014084507,
      "P@1": 0.3028169014084507,
      "NDCG@1": 0.3028169014084507,
      "Recall@5": 0.5633802816901409,
      "P@5": 0.11267605633802817,
      "NDCG@5": 0.4454773435147143,
      "Recall@10": 0.676056338028169,
      "P@10": 0.06760563380281688,
      "NDCG@10": 0.48119491937506004,
      "Recall@50": 0.852112676056338,
      "P@50": 0.017042253521126764,
      "NDCG@50": 0.5211043666409193
    },
    {
      "MRR": 0.3895047771288743,
      "MAP": 0.3895047771288743,
      "R-Precision": 0.2605633802816901,
      "Mean Rank": 35.33098591549296,
      "Median Rank": 5.0,
      "n_queries": 142,
      "Recall@1": 0.2605633802816901,
      "P@1": 0.2605633802816901,
      "NDCG@1": 0.2605633802816901,
      "Recall@5": 0.528169014084507,
      "P@5": 0.1056338028169014,
      "NDCG@5": 0.40735837170297207,
      "Recall@10": 0.6126760563380281,
      "P@10": 0.06126760563380281,
      "NDCG@10": 0.43478279748641085,
      "Recall@50": 0.8309859154929577,
      "P@50": 0.016619718309859158,
      "NDCG@50": 0.4820366753276562
    },
    {
      "MRR": 0.45382883486749553,
      "MAP": 0.45382883486749553,
      "R-Precision": 0.33098591549295775,
      "Mean Rank": 26.295774647887324,
      "Median Rank": 3.0,
      "n_queries": 142,
      "Recall@1": 0.33098591549295775,
      "P@1": 0.33098591549295775,
      "NDCG@1": 0.33098591549295775,
      "Recall@5": 0.6126760563380281,
      "P@5": 0.1225352112676056,
      "NDCG@5": 0.4785182701814122,
      "Recall@10": 0.676056338028169,
      "P@10": 0.06760563380281688,
      "NDCG@10": 0.5000128638807811,
      "Recall@50": 0.8661971830985915,
      "P@50": 0.01732394366197183,
      "NDCG@50": 0.5420259994613368
    },
    {
      "MRR": 0.3682862989629709,
      "MAP": 0.3682862989629709,
      "R-Precision": 0.2323943661971831,
      "Mean Rank": 40.514084507042256,
      "Median Rank": 5.0,
      "n_queries": 142,
      "Recall@1": 0.2323943661971831,
      "P@1": 0.2323943661971831,
      "NDCG@1": 0.2323943661971831,
      "Recall@5": 0.5211267605633803,
      "P@5": 0.10422535211267606,
      "NDCG@5": 0.38897246400914837,
      "Recall@10": 0.6267605633802817,
      "P@10": 0.06267605633802815,
      "NDCG@10": 0.42211578599811805,
      "Recall@50": 0.795774647887324,
      "P@50": 0.01591549295774648,
      "NDCG@50": 0.4598943200331118
    },
    {
      "MRR": 0.38760904325609197,
      "MAP": 0.38760904325609197,
      "R-Precision": 0.2624113475177305,
      "Mean Rank": 33.53900709219858,
      "Median Rank": 5.0,
      "n_queries": 141,
      "Recall@1": 0.2624113475177305,
      "P@1": 0.2624113475177305,
      "NDCG@1": 0.2624113475177305,
      "Recall@5": 0.5319148936170213,
      "P@5": 0.10638297872340426,
      "NDCG@5": 0.40357934480164165,
      "Recall@10": 0.6453900709219859,
      "P@10": 0.06453900709219858,
      "NDCG@10": 0.4405026107147577,
      "Recall@50": 0.8297872340425532,
      "P@50": 0.016595744680851066,
      "NDCG@50": 0.48188678184908523
    }
  ],
  "mean_finetuned_mrr": 0.4059974537899008,
  "std_finetuned_mrr": 0.0314108722396319,
  "mean_baseline_mrr": 0.18009415208020688
}