{
  "config": {
    "model_name": "Linq-AI-Research/Linq-Embed-Mistral",
    "doc_mode": "fable_plus_summary",
    "epochs": 10,
    "batch_size": 4,
    "gradient_accumulation_steps": 4,
    "gradient_checkpointing": true,
    "max_seq_length": 512,
    "learning_rate": 0.0001,
    "seed": 42,
    "early_stopping_patience": 3,
    "query_instruction": "Instruct: Given a moral statement, retrieve the fable that best conveys this moral.\nQuery: ",
    "model_kwargs": {
      "torch_dtype": "auto"
    },
    "lora": {
      "r": 64,
      "alpha": 128,
      "dropout": 0.05,
      "target_modules": [
        "q_proj",
        "k_proj",
        "v_proj",
        "o_proj"
      ]
    },
    "model_output_dir": "/data/lior/ft_02_linq_5fold_cv/models",
    "wandb": {
      "project": "morables-finetuning",
      "enabled": true
    }
  },
  "folds_evaluated": [
    0,
    1,
    2,
    3,
    4
  ],
  "baseline_fold_metrics": [
    {
      "MRR": 0.22371756104378251,
      "MAP": 0.22371756104378251,
      "R-Precision": 0.1267605633802817,
      "Mean Rank": 78.40140845070422,
      "Median Rank": 19.5,
      "n_queries": 142,
      "Recall@1": 0.1267605633802817,
      "P@1": 0.1267605633802817,
      "NDCG@1": 0.1267605633802817,
      "Recall@5": 0.30985915492957744,
      "P@5": 0.0619718309859155,
      "NDCG@5": 0.22497679272234458,
      "Recall@10": 0.39436619718309857,
      "P@10": 0.039436619718309855,
      "NDCG@10": 0.25275435334117374,
      "Recall@50": 0.6549295774647887,
      "P@50": 0.013098591549295775,
      "NDCG@50": 0.3108496860971201
    },
    {
      "MRR": 0.2253291892011256,
      "MAP": 0.2253291892011256,
      "R-Precision": 0.14788732394366197,
      "Mean Rank": 113.30281690140845,
      "Median Rank": 33.5,
      "n_queries": 142,
      "Recall@1": 0.14788732394366197,
      "P@1": 0.14788732394366197,
      "NDCG@1": 0.14788732394366197,
      "Recall@5": 0.2887323943661972,
      "P@5": 0.05774647887323943,
      "NDCG@5": 0.22513983068604368,
      "Recall@10": 0.3591549295774648,
      "P@10": 0.03591549295774648,
      "NDCG@10": 0.24815568620461154,
      "Recall@50": 0.5492957746478874,
      "P@50": 0.010985915492957746,
      "NDCG@50": 0.2899790954906279
    },
    {
      "MRR": 0.18768459038371088,
      "MAP": 0.18768459038371088,
      "R-Precision": 0.11267605633802817,
      "Mean Rank": 94.02112676056338,
      "Median Rank": 29.5,
      "n_queries": 142,
      "Recall@1": 0.11267605633802817,
      "P@1": 0.11267605633802817,
      "NDCG@1": 0.11267605633802817,
      "Recall@5": 0.2535211267605634,
      "P@5": 0.05070422535211268,
      "NDCG@5": 0.18239301434469274,
      "Recall@10": 0.36619718309859156,
      "P@10": 0.036619718309859155,
      "NDCG@10": 0.21877566274892862,
      "Recall@50": 0.5774647887323944,
      "P@50": 0.011549295774647889,
      "NDCG@50": 0.2659480941658635
    },
    {
      "MRR": 0.20565287952582265,
      "MAP": 0.20565287952582265,
      "R-Precision": 0.1056338028169014,
      "Mean Rank": 98.22535211267606,
      "Median Rank": 20.0,
      "n_queries": 142,
      "Recall@1": 0.1056338028169014,
      "P@1": 0.1056338028169014,
      "NDCG@1": 0.1056338028169014,
      "Recall@5": 0.30985915492957744,
      "P@5": 0.0619718309859155,
      "NDCG@5": 0.21208113815143248,
      "Recall@10": 0.3873239436619718,
      "P@10": 0.03873239436619718,
      "NDCG@10": 0.23731857730933645,
      "Recall@50": 0.6408450704225352,
      "P@50": 0.012816901408450706,
      "NDCG@50": 0.2947903380172287
    },
    {
      "MRR": 0.21681496370621195,
      "MAP": 0.21681496370621195,
      "R-Precision": 0.14893617021276595,
      "Mean Rank": 88.8936170212766,
      "Median Rank": 22.0,
      "n_queries": 141,
      "Recall@1": 0.14893617021276595,
      "P@1": 0.14893617021276595,
      "NDCG@1": 0.14893617021276595,
      "Recall@5": 0.2978723404255319,
      "P@5": 0.0595744680851064,
      "NDCG@5": 0.21713116892106324,
      "Recall@10": 0.3829787234042553,
      "P@10": 0.03829787234042553,
      "NDCG@10": 0.24425639153583284,
      "Recall@50": 0.6382978723404256,
      "P@50": 0.012765957446808512,
      "NDCG@50": 0.30063301128361747
    }
  ],
  "finetuned_fold_metrics": [
    {
      "MRR": 0.43635465480675845,
      "MAP": 0.43635465480675845,
      "R-Precision": 0.30985915492957744,
      "Mean Rank": 29.528169014084508,
      "Median Rank": 3.0,
      "n_queries": 142,
      "Recall@1": 0.30985915492957744,
      "P@1": 0.30985915492957744,
      "NDCG@1": 0.30985915492957744,
      "Recall@5": 0.5563380281690141,
      "P@5": 0.11126760563380281,
      "NDCG@5": 0.44627415473137255,
      "Recall@10": 0.6830985915492958,
      "P@10": 0.06830985915492957,
      "NDCG@10": 0.4869493038421626,
      "Recall@50": 0.8591549295774648,
      "P@50": 0.0171830985915493,
      "NDCG@50": 0.5270598424560903
    },
    {
      "MRR": 0.39852704820045387,
      "MAP": 0.39852704820045387,
      "R-Precision": 0.2676056338028169,
      "Mean Rank": 34.809859154929576,
      "Median Rank": 4.0,
      "n_queries": 142,
      "Recall@1": 0.2676056338028169,
      "P@1": 0.2676056338028169,
      "NDCG@1": 0.2676056338028169,
      "Recall@5": 0.528169014084507,
      "P@5": 0.1056338028169014,
      "NDCG@5": 0.4146258198967234,
      "Recall@10": 0.6126760563380281,
      "P@10": 0.06126760563380281,
      "NDCG@10": 0.4415841999256556,
      "Recall@50": 0.8309859154929577,
      "P@50": 0.016619718309859158,
      "NDCG@50": 0.48905076538122294
    },
    {
      "MRR": 0.46447305054925614,
      "MAP": 0.46447305054925614,
      "R-Precision": 0.3380281690140845,
      "Mean Rank": 26.971830985915492,
      "Median Rank": 3.0,
      "n_queries": 142,
      "Recall@1": 0.3380281690140845,
      "P@1": 0.3380281690140845,
      "NDCG@1": 0.3380281690140845,
      "Recall@5": 0.6126760563380281,
      "P@5": 0.12253521126760557,
      "NDCG@5": 0.4872464847613234,
      "Recall@10": 0.6830985915492958,
      "P@10": 0.06830985915492956,
      "NDCG@10": 0.5105740903292958,
      "Recall@50": 0.8873239436619719,
      "P@50": 0.01774647887323944,
      "NDCG@50": 0.5537852773833332
    },
    {
      "MRR": 0.3677977893579083,
      "MAP": 0.3677977893579083,
      "R-Precision": 0.2323943661971831,
      "Mean Rank": 40.66197183098591,
      "Median Rank": 5.0,
      "n_queries": 142,
      "Recall@1": 0.2323943661971831,
      "P@1": 0.2323943661971831,
      "NDCG@1": 0.2323943661971831,
      "Recall@5": 0.5211267605633803,
      "P@5": 0.10422535211267606,
      "NDCG@5": 0.3888472347076977,
      "Recall@10": 0.6267605633802817,
      "P@10": 0.06267605633802815,
      "NDCG@10": 0.42172037909234394,
      "Recall@50": 0.8169014084507042,
      "P@50": 0.016338028169014085,
      "NDCG@50": 0.46328642993367775
    },
    {
      "MRR": 0.3840337860783876,
      "MAP": 0.3840337860783876,
      "R-Precision": 0.24822695035460993,
      "Mean Rank": 33.01418439716312,
      "Median Rank": 4.0,
      "n_queries": 141,
      "Recall@1": 0.24822695035460993,
      "P@1": 0.24822695035460993,
      "NDCG@1": 0.24822695035460993,
      "Recall@5": 0.5460992907801419,
      "P@5": 0.10921985815602837,
      "NDCG@5": 0.4065497735303453,
      "Recall@10": 0.6595744680851063,
      "P@10": 0.06595744680851064,
      "NDCG@10": 0.44208063473512077,
      "Recall@50": 0.8297872340425532,
      "P@50": 0.016595744680851062,
      "NDCG@50": 0.47973077951660353
    }
  ],
  "mean_finetuned_mrr": 0.4102372657985529,
  "std_finetuned_mrr": 0.03535109351159175,
  "mean_baseline_mrr": 0.21183983677213072
}