{
  "config": {
    "model_name": "Linq-AI-Research/Linq-Embed-Mistral",
    "doc_mode": "raw",
    "epochs": 10,
    "batch_size": 4,
    "gradient_accumulation_steps": 4,
    "gradient_checkpointing": true,
    "max_seq_length": 512,
    "learning_rate": 0.0001,
    "seed": 42,
    "early_stopping_patience": 3,
    "query_instruction": "Instruct: Given a moral statement, retrieve the fable that best conveys this moral.\nQuery: ",
    "model_kwargs": {
      "torch_dtype": "auto"
    },
    "lora": {
      "r": 64,
      "alpha": 128,
      "dropout": 0.05,
      "target_modules": [
        "q_proj",
        "k_proj",
        "v_proj",
        "o_proj"
      ]
    },
    "wandb": {
      "project": "morables-finetuning",
      "enabled": true
    }
  },
  "folds_run": [
    0,
    1,
    2,
    3,
    4
  ],
  "mean_mrr": 0.312146186472119,
  "std_mrr": 0.03519945664560835,
  "fold_mrrs": [
    0.35294651909649344,
    0.26249495167508047,
    0.35155205048388294,
    0.2921005027154398,
    0.3016369083896986
  ],
  "fold_metrics": [
    {
      "MRR": 0.35294651909649344,
      "MAP": 0.35294651909649344,
      "R-Precision": 0.22535211267605634,
      "Mean Rank": 45.66197183098591,
      "Median Rank": 6.0,
      "n_queries": 142,
      "Recall@1": 0.22535211267605634,
      "P@1": 0.22535211267605634,
      "NDCG@1": 0.22535211267605634,
      "Recall@5": 0.4859154929577465,
      "P@5": 0.0971830985915493,
      "NDCG@5": 0.3677039368186661,
      "Recall@10": 0.5845070422535211,
      "P@10": 0.058450704225352104,
      "NDCG@10": 0.39987565223645616,
      "Recall@50": 0.8028169014084507,
      "P@50": 0.016056338028169016,
      "NDCG@50": 0.44729866075616836
    },
    {
      "MRR": 0.26249495167508047,
      "MAP": 0.26249495167508047,
      "R-Precision": 0.13380281690140844,
      "Mean Rank": 43.57746478873239,
      "Median Rank": 9.0,
      "n_queries": 142,
      "Recall@1": 0.13380281690140844,
      "P@1": 0.13380281690140844,
      "NDCG@1": 0.13380281690140844,
      "Recall@5": 0.38028169014084506,
      "P@5": 0.07605633802816902,
      "NDCG@5": 0.2650107288838555,
      "Recall@10": 0.528169014084507,
      "P@10": 0.052816901408450696,
      "NDCG@10": 0.3124936677910465,
      "Recall@50": 0.8098591549295775,
      "P@50": 0.016197183098591552,
      "NDCG@50": 0.3768501344877575
    },
    {
      "MRR": 0.35155205048388294,
      "MAP": 0.35155205048388294,
      "R-Precision": 0.24647887323943662,
      "Mean Rank": 36.401408450704224,
      "Median Rank": 7.5,
      "n_queries": 142,
      "Recall@1": 0.24647887323943662,
      "P@1": 0.24647887323943662,
      "NDCG@1": 0.24647887323943662,
      "Recall@5": 0.4507042253521127,
      "P@5": 0.09014084507042254,
      "NDCG@5": 0.3535939771163224,
      "Recall@10": 0.5704225352112676,
      "P@10": 0.05704225352112675,
      "NDCG@10": 0.3917952219232516,
      "Recall@50": 0.823943661971831,
      "P@50": 0.01647887323943662,
      "NDCG@50": 0.44926808633190746
    },
    {
      "MRR": 0.2921005027154398,
      "MAP": 0.2921005027154398,
      "R-Precision": 0.16901408450704225,
      "Mean Rank": 53.098591549295776,
      "Median Rank": 8.0,
      "n_queries": 142,
      "Recall@1": 0.16901408450704225,
      "P@1": 0.16901408450704225,
      "NDCG@1": 0.16901408450704225,
      "Recall@5": 0.4014084507042254,
      "P@5": 0.08028169014084509,
      "NDCG@5": 0.29458234999377014,
      "Recall@10": 0.5563380281690141,
      "P@10": 0.05563380281690141,
      "NDCG@10": 0.3461881589488796,
      "Recall@50": 0.7323943661971831,
      "P@50": 0.014647887323943662,
      "NDCG@50": 0.3848768013308178
    },
    {
      "MRR": 0.3016369083896986,
      "MAP": 0.3016369083896986,
      "R-Precision": 0.19858156028368795,
      "Mean Rank": 41.04964539007092,
      "Median Rank": 9.0,
      "n_queries": 141,
      "Recall@1": 0.19858156028368795,
      "P@1": 0.19858156028368795,
      "NDCG@1": 0.19858156028368795,
      "Recall@5": 0.3829787234042553,
      "P@5": 0.07659574468085106,
      "NDCG@5": 0.2975490900486148,
      "Recall@10": 0.5106382978723404,
      "P@10": 0.05106382978723404,
      "NDCG@10": 0.33909877019444157,
      "Recall@50": 0.75177304964539,
      "P@50": 0.015035460992907802,
      "NDCG@50": 0.39416463394442736
    }
  ]
}