{
  "config": {
    "model_name": "Linq-AI-Research/Linq-Embed-Mistral",
    "doc_mode": "raw",
    "epochs": 10,
    "batch_size": 4,
    "gradient_accumulation_steps": 4,
    "gradient_checkpointing": true,
    "max_seq_length": 512,
    "learning_rate": 0.0001,
    "seed": 42,
    "early_stopping_patience": 3,
    "query_instruction": "Instruct: Given a moral statement, retrieve the fable that best conveys this moral.\nQuery: ",
    "model_kwargs": {
      "torch_dtype": "auto"
    },
    "lora": {
      "r": 64,
      "alpha": 128,
      "dropout": 0.05,
      "target_modules": [
        "q_proj",
        "k_proj",
        "v_proj",
        "o_proj"
      ]
    },
    "model_output_dir": "/data/lior/ft_02_linq_5fold_cv/models",
    "wandb": {
      "project": "morables-finetuning",
      "enabled": true
    }
  },
  "folds_evaluated": [
    0,
    1,
    2,
    3,
    4
  ],
  "baseline_fold_metrics": [
    {
      "MRR": 0.1671258014549474,
      "MAP": 0.1671258014549474,
      "R-Precision": 0.09859154929577464,
      "Mean Rank": 130.58450704225353,
      "Median Rank": 49.0,
      "n_queries": 142,
      "Recall@1": 0.09859154929577464,
      "P@1": 0.09859154929577464,
      "NDCG@1": 0.09859154929577464,
      "Recall@5": 0.22535211267605634,
      "P@5": 0.04507042253521127,
      "NDCG@5": 0.16174682028861112,
      "Recall@10": 0.34507042253521125,
      "P@10": 0.03450704225352113,
      "NDCG@10": 0.20011677626655244,
      "Recall@50": 0.5070422535211268,
      "P@50": 0.010140845070422537,
      "NDCG@50": 0.23510863020361128
    },
    {
      "MRR": 0.24442327757374951,
      "MAP": 0.24442327757374951,
      "R-Precision": 0.16901408450704225,
      "Mean Rank": 100.38732394366197,
      "Median Rank": 29.0,
      "n_queries": 142,
      "Recall@1": 0.16901408450704225,
      "P@1": 0.16901408450704225,
      "NDCG@1": 0.16901408450704225,
      "Recall@5": 0.3380281690140845,
      "P@5": 0.06760563380281691,
      "NDCG@5": 0.25355038803901325,
      "Recall@10": 0.3873239436619718,
      "P@10": 0.03873239436619718,
      "NDCG@10": 0.26901590723351615,
      "Recall@50": 0.6056338028169014,
      "P@50": 0.012112676056338027,
      "NDCG@50": 0.31625600964752837
    },
    {
      "MRR": 0.26180247794548955,
      "MAP": 0.26180247794548955,
      "R-Precision": 0.19014084507042253,
      "Mean Rank": 82.41549295774648,
      "Median Rank": 19.0,
      "n_queries": 142,
      "Recall@1": 0.19014084507042253,
      "P@1": 0.19014084507042253,
      "NDCG@1": 0.19014084507042253,
      "Recall@5": 0.352112676056338,
      "P@5": 0.07042253521126762,
      "NDCG@5": 0.2671010824449883,
      "Recall@10": 0.4154929577464789,
      "P@10": 0.04154929577464789,
      "NDCG@10": 0.28808127017258517,
      "Recall@50": 0.6267605633802817,
      "P@50": 0.012535211267605635,
      "NDCG@50": 0.335153694774868
    },
    {
      "MRR": 0.2226352040849675,
      "MAP": 0.2226352040849675,
      "R-Precision": 0.1619718309859155,
      "Mean Rank": 123.1056338028169,
      "Median Rank": 40.5,
      "n_queries": 142,
      "Recall@1": 0.1619718309859155,
      "P@1": 0.1619718309859155,
      "NDCG@1": 0.1619718309859155,
      "Recall@5": 0.2605633802816901,
      "P@5": 0.052112676056338035,
      "NDCG@5": 0.2162534961286992,
      "Recall@10": 0.33098591549295775,
      "P@10": 0.03309859154929578,
      "NDCG@10": 0.23919252992593892,
      "Recall@50": 0.5492957746478874,
      "P@50": 0.010985915492957746,
      "NDCG@50": 0.28506386396442585
    },
    {
      "MRR": 0.1525858275284772,
      "MAP": 0.1525858275284772,
      "R-Precision": 0.07801418439716312,
      "Mean Rank": 119.7517730496454,
      "Median Rank": 48.0,
      "n_queries": 141,
      "Recall@1": 0.07801418439716312,
      "P@1": 0.07801418439716312,
      "NDCG@1": 0.07801418439716312,
      "Recall@5": 0.23404255319148937,
      "P@5": 0.04680851063829788,
      "NDCG@5": 0.1537128627759961,
      "Recall@10": 0.3404255319148936,
      "P@10": 0.03404255319148937,
      "NDCG@10": 0.18922396850876577,
      "Recall@50": 0.5106382978723404,
      "P@50": 0.010212765957446808,
      "NDCG@50": 0.22438891373088582
    }
  ],
  "finetuned_fold_metrics": [
    {
      "MRR": 0.2811555754285535,
      "MAP": 0.2811555754285535,
      "R-Precision": 0.1619718309859155,
      "Mean Rank": 41.49295774647887,
      "Median Rank": 8.0,
      "n_queries": 142,
      "Recall@1": 0.1619718309859155,
      "P@1": 0.1619718309859155,
      "NDCG@1": 0.1619718309859155,
      "Recall@5": 0.4014084507042254,
      "P@5": 0.08028169014084509,
      "NDCG@5": 0.28566183617170987,
      "Recall@10": 0.5633802816901409,
      "P@10": 0.05633802816901408,
      "NDCG@10": 0.337816082913465,
      "Recall@50": 0.8098591549295775,
      "P@50": 0.016197183098591552,
      "NDCG@50": 0.39098877553312217
    },
    {
      "MRR": 0.32787573554889304,
      "MAP": 0.32787573554889304,
      "R-Precision": 0.2112676056338028,
      "Mean Rank": 39.82394366197183,
      "Median Rank": 8.5,
      "n_queries": 142,
      "Recall@1": 0.2112676056338028,
      "P@1": 0.2112676056338028,
      "NDCG@1": 0.2112676056338028,
      "Recall@5": 0.44366197183098594,
      "P@5": 0.08873239436619716,
      "NDCG@5": 0.33651834257693103,
      "Recall@10": 0.5422535211267606,
      "P@10": 0.05422535211267605,
      "NDCG@10": 0.36783609273192763,
      "Recall@50": 0.7887323943661971,
      "P@50": 0.015774647887323946,
      "NDCG@50": 0.4239729307131714
    },
    {
      "MRR": 0.3682558297943415,
      "MAP": 0.3682558297943415,
      "R-Precision": 0.23943661971830985,
      "Mean Rank": 28.5,
      "Median Rank": 5.0,
      "n_queries": 142,
      "Recall@1": 0.23943661971830985,
      "P@1": 0.23943661971830985,
      "NDCG@1": 0.23943661971830985,
      "Recall@5": 0.5211267605633803,
      "P@5": 0.10422535211267604,
      "NDCG@5": 0.38817546881717,
      "Recall@10": 0.6197183098591549,
      "P@10": 0.06197183098591547,
      "NDCG@10": 0.4193662679053308,
      "Recall@50": 0.8309859154929577,
      "P@50": 0.016619718309859158,
      "NDCG@50": 0.4661776847469068
    },
    {
      "MRR": 0.33403611024194974,
      "MAP": 0.33403611024194974,
      "R-Precision": 0.2323943661971831,
      "Mean Rank": 48.683098591549296,
      "Median Rank": 8.0,
      "n_queries": 142,
      "Recall@1": 0.2323943661971831,
      "P@1": 0.2323943661971831,
      "NDCG@1": 0.2323943661971831,
      "Recall@5": 0.44366197183098594,
      "P@5": 0.08873239436619719,
      "NDCG@5": 0.3415116710877197,
      "Recall@10": 0.5492957746478874,
      "P@10": 0.05492957746478872,
      "NDCG@10": 0.37543845978698875,
      "Recall@50": 0.7605633802816901,
      "P@50": 0.015211267605633804,
      "NDCG@50": 0.42229770668856487
    },
    {
      "MRR": 0.2772859674007182,
      "MAP": 0.2772859674007182,
      "R-Precision": 0.1773049645390071,
      "Mean Rank": 46.5531914893617,
      "Median Rank": 12.0,
      "n_queries": 141,
      "Recall@1": 0.1773049645390071,
      "P@1": 0.1773049645390071,
      "NDCG@1": 0.1773049645390071,
      "Recall@5": 0.375886524822695,
      "P@5": 0.07517730496453902,
      "NDCG@5": 0.28083118835285326,
      "Recall@10": 0.46808510638297873,
      "P@10": 0.046808510638297884,
      "NDCG@10": 0.30973554714809826,
      "Recall@50": 0.7801418439716312,
      "P@50": 0.015602836879432626,
      "NDCG@50": 0.3780306784415055
    }
  ],
  "mean_finetuned_mrr": 0.3177218436828912,
  "std_finetuned_mrr": 0.0343368391977308,
  "mean_baseline_mrr": 0.20971451771752622
}