{
  "config": {
    "model_name": "Linq-AI-Research/Linq-Embed-Mistral",
    "doc_mode": "raw",
    "epochs": 10,
    "batch_size": 4,
    "gradient_accumulation_steps": 4,
    "gradient_checkpointing": true,
    "max_seq_length": 512,
    "learning_rate": 0.0001,
    "seed": 42,
    "early_stopping_patience": 3,
    "query_instruction": "Instruct: Given a moral statement, retrieve the fable that best conveys this moral.\nQuery: ",
    "model_kwargs": {
      "torch_dtype": "auto"
    },
    "lora": {
      "r": 64,
      "alpha": 128,
      "dropout": 0.05,
      "target_modules": [
        "q_proj",
        "k_proj",
        "v_proj",
        "o_proj"
      ]
    },
    "model_output_dir": "/data/lior/ft_02_linq_5fold_cv/models",
    "wandb": {
      "project": "morables-finetuning",
      "enabled": true
    }
  },
  "folds_run": [
    0,
    1,
    2,
    3,
    4
  ],
  "mean_mrr": 0.3177218436828912,
  "std_mrr": 0.0343368391977308,
  "fold_mrrs": [
    0.2811555754285535,
    0.32787573554889304,
    0.3682558297943415,
    0.33403611024194974,
    0.2772859674007182
  ],
  "fold_metrics": [
    {
      "MRR": 0.2811555754285535,
      "MAP": 0.2811555754285535,
      "R-Precision": 0.1619718309859155,
      "Mean Rank": 41.49295774647887,
      "Median Rank": 8.0,
      "n_queries": 142,
      "Recall@1": 0.1619718309859155,
      "P@1": 0.1619718309859155,
      "NDCG@1": 0.1619718309859155,
      "Recall@5": 0.4014084507042254,
      "P@5": 0.08028169014084509,
      "NDCG@5": 0.28566183617170987,
      "Recall@10": 0.5633802816901409,
      "P@10": 0.05633802816901408,
      "NDCG@10": 0.337816082913465,
      "Recall@50": 0.8098591549295775,
      "P@50": 0.016197183098591552,
      "NDCG@50": 0.39098877553312217
    },
    {
      "MRR": 0.32787573554889304,
      "MAP": 0.32787573554889304,
      "R-Precision": 0.2112676056338028,
      "Mean Rank": 39.82394366197183,
      "Median Rank": 8.5,
      "n_queries": 142,
      "Recall@1": 0.2112676056338028,
      "P@1": 0.2112676056338028,
      "NDCG@1": 0.2112676056338028,
      "Recall@5": 0.44366197183098594,
      "P@5": 0.08873239436619716,
      "NDCG@5": 0.33651834257693103,
      "Recall@10": 0.5422535211267606,
      "P@10": 0.05422535211267605,
      "NDCG@10": 0.36783609273192763,
      "Recall@50": 0.7887323943661971,
      "P@50": 0.015774647887323946,
      "NDCG@50": 0.4239729307131714
    },
    {
      "MRR": 0.3682558297943415,
      "MAP": 0.3682558297943415,
      "R-Precision": 0.23943661971830985,
      "Mean Rank": 28.5,
      "Median Rank": 5.0,
      "n_queries": 142,
      "Recall@1": 0.23943661971830985,
      "P@1": 0.23943661971830985,
      "NDCG@1": 0.23943661971830985,
      "Recall@5": 0.5211267605633803,
      "P@5": 0.10422535211267604,
      "NDCG@5": 0.38817546881717,
      "Recall@10": 0.6197183098591549,
      "P@10": 0.06197183098591547,
      "NDCG@10": 0.4193662679053308,
      "Recall@50": 0.8309859154929577,
      "P@50": 0.016619718309859158,
      "NDCG@50": 0.4661776847469068
    },
    {
      "MRR": 0.33403611024194974,
      "MAP": 0.33403611024194974,
      "R-Precision": 0.2323943661971831,
      "Mean Rank": 48.683098591549296,
      "Median Rank": 8.0,
      "n_queries": 142,
      "Recall@1": 0.2323943661971831,
      "P@1": 0.2323943661971831,
      "NDCG@1": 0.2323943661971831,
      "Recall@5": 0.44366197183098594,
      "P@5": 0.08873239436619719,
      "NDCG@5": 0.3415116710877197,
      "Recall@10": 0.5492957746478874,
      "P@10": 0.05492957746478872,
      "NDCG@10": 0.37543845978698875,
      "Recall@50": 0.7605633802816901,
      "P@50": 0.015211267605633804,
      "NDCG@50": 0.42229770668856487
    },
    {
      "MRR": 0.2772859674007182,
      "MAP": 0.2772859674007182,
      "R-Precision": 0.1773049645390071,
      "Mean Rank": 46.5531914893617,
      "Median Rank": 12.0,
      "n_queries": 141,
      "Recall@1": 0.1773049645390071,
      "P@1": 0.1773049645390071,
      "NDCG@1": 0.1773049645390071,
      "Recall@5": 0.375886524822695,
      "P@5": 0.07517730496453902,
      "NDCG@5": 0.28083118835285326,
      "Recall@10": 0.46808510638297873,
      "P@10": 0.046808510638297884,
      "NDCG@10": 0.30973554714809826,
      "Recall@50": 0.7801418439716312,
      "P@50": 0.015602836879432626,
      "NDCG@50": 0.3780306784415055
    }
  ]
}