{
  "config": {
    "model_name": "Linq-AI-Research/Linq-Embed-Mistral",
    "doc_mode": "fable_plus_summary",
    "epochs": 10,
    "batch_size": 4,
    "gradient_accumulation_steps": 4,
    "gradient_checkpointing": true,
    "max_seq_length": 512,
    "learning_rate": 0.0001,
    "seed": 42,
    "early_stopping_patience": 3,
    "query_instruction": "Instruct: Given a moral statement, retrieve the fable that best conveys this moral.\nQuery: ",
    "model_kwargs": {
      "torch_dtype": "auto"
    },
    "lora": {
      "r": 64,
      "alpha": 128,
      "dropout": 0.05,
      "target_modules": [
        "q_proj",
        "k_proj",
        "v_proj",
        "o_proj"
      ]
    },
    "model_output_dir": "/data/lior/ft_02_linq_5fold_cv/models",
    "wandb": {
      "project": "morables-finetuning",
      "enabled": true
    }
  },
  "folds_evaluated": [
    0,
    1,
    2,
    3,
    4
  ],
  "baseline_fold_metrics": [
    {
      "MRR": 0.33761732700635,
      "MAP": 0.33761732700635,
      "R-Precision": 0.2323943661971831,
      "Mean Rank": 55.274647887323944,
      "Median Rank": 7.0,
      "n_queries": 142,
      "Recall@1": 0.2323943661971831,
      "P@1": 0.2323943661971831,
      "NDCG@1": 0.2323943661971831,
      "Recall@5": 0.44366197183098594,
      "P@5": 0.08873239436619718,
      "NDCG@5": 0.34212509364217464,
      "Recall@10": 0.5563380281690141,
      "P@10": 0.055633802816901404,
      "NDCG@10": 0.3795654800973679,
      "Recall@50": 0.7676056338028169,
      "P@50": 0.015352112676056339,
      "NDCG@50": 0.42796538147500895
    },
    {
      "MRR": 0.3987447233881107,
      "MAP": 0.3987447233881107,
      "R-Precision": 0.28169014084507044,
      "Mean Rank": 36.17605633802817,
      "Median Rank": 5.0,
      "n_queries": 142,
      "Recall@1": 0.28169014084507044,
      "P@1": 0.28169014084507044,
      "NDCG@1": 0.28169014084507044,
      "Recall@5": 0.5070422535211268,
      "P@5": 0.10140845070422534,
      "NDCG@5": 0.40392448160629085,
      "Recall@10": 0.6408450704225352,
      "P@10": 0.0640845070422535,
      "NDCG@10": 0.44860345433614446,
      "Recall@50": 0.823943661971831,
      "P@50": 0.016478873239436618,
      "NDCG@50": 0.48880428256952924
    },
    {
      "MRR": 0.40560926266452046,
      "MAP": 0.40560926266452046,
      "R-Precision": 0.29577464788732394,
      "Mean Rank": 32.34507042253521,
      "Median Rank": 5.0,
      "n_queries": 142,
      "Recall@1": 0.29577464788732394,
      "P@1": 0.29577464788732394,
      "NDCG@1": 0.29577464788732394,
      "Recall@5": 0.5352112676056338,
      "P@5": 0.10704225352112677,
      "NDCG@5": 0.41853879918215675,
      "Recall@10": 0.647887323943662,
      "P@10": 0.0647887323943662,
      "NDCG@10": 0.45553118448173746,
      "Recall@50": 0.852112676056338,
      "P@50": 0.017042253521126764,
      "NDCG@50": 0.49889652106986027
    },
    {
      "MRR": 0.3491105204995508,
      "MAP": 0.3491105204995508,
      "R-Precision": 0.2535211267605634,
      "Mean Rank": 73.3943661971831,
      "Median Rank": 10.5,
      "n_queries": 142,
      "Recall@1": 0.2535211267605634,
      "P@1": 0.2535211267605634,
      "NDCG@1": 0.2535211267605634,
      "Recall@5": 0.44366197183098594,
      "P@5": 0.08873239436619719,
      "NDCG@5": 0.359797802140183,
      "Recall@10": 0.5,
      "P@10": 0.05,
      "NDCG@10": 0.37763557154613997,
      "Recall@50": 0.6830985915492958,
      "P@50": 0.013661971830985916,
      "NDCG@50": 0.41713955520313084
    },
    {
      "MRR": 0.30963930724114713,
      "MAP": 0.30963930724114713,
      "R-Precision": 0.19858156028368795,
      "Mean Rank": 48.361702127659576,
      "Median Rank": 9.0,
      "n_queries": 141,
      "Recall@1": 0.19858156028368795,
      "P@1": 0.19858156028368795,
      "NDCG@1": 0.19858156028368795,
      "Recall@5": 0.425531914893617,
      "P@5": 0.08510638297872342,
      "NDCG@5": 0.31716602965278023,
      "Recall@10": 0.5319148936170213,
      "P@10": 0.05319148936170213,
      "NDCG@10": 0.35048455979306936,
      "Recall@50": 0.7872340425531915,
      "P@50": 0.01574468085106383,
      "NDCG@50": 0.40870309448089637
    }
  ],
  "finetuned_fold_metrics": [
    {
      "MRR": 0.42430791449814603,
      "MAP": 0.42430791449814603,
      "R-Precision": 0.3028169014084507,
      "Mean Rank": 31.802816901408452,
      "Median Rank": 4.0,
      "n_queries": 142,
      "Recall@1": 0.3028169014084507,
      "P@1": 0.3028169014084507,
      "NDCG@1": 0.3028169014084507,
      "Recall@5": 0.5774647887323944,
      "P@5": 0.11549295774647886,
      "NDCG@5": 0.44546461480742267,
      "Recall@10": 0.6549295774647887,
      "P@10": 0.06549295774647887,
      "NDCG@10": 0.4701350063808591,
      "Recall@50": 0.8661971830985915,
      "P@50": 0.017323943661971833,
      "NDCG@50": 0.5187882815891892
    },
    {
      "MRR": 0.44613408208385213,
      "MAP": 0.44613408208385213,
      "R-Precision": 0.323943661971831,
      "Mean Rank": 27.0,
      "Median Rank": 4.0,
      "n_queries": 142,
      "Recall@1": 0.323943661971831,
      "P@1": 0.323943661971831,
      "NDCG@1": 0.323943661971831,
      "Recall@5": 0.6056338028169014,
      "P@5": 0.12112676056338027,
      "NDCG@5": 0.4660817268058814,
      "Recall@10": 0.7183098591549296,
      "P@10": 0.07183098591549295,
      "NDCG@10": 0.5031341937527877,
      "Recall@50": 0.8802816901408451,
      "P@50": 0.017605633802816906,
      "NDCG@50": 0.541045685166262
    },
    {
      "MRR": 0.450369564190575,
      "MAP": 0.450369564190575,
      "R-Precision": 0.3380281690140845,
      "Mean Rank": 29.471830985915492,
      "Median Rank": 3.0,
      "n_queries": 142,
      "Recall@1": 0.3380281690140845,
      "P@1": 0.3380281690140845,
      "NDCG@1": 0.3380281690140845,
      "Recall@5": 0.5915492957746479,
      "P@5": 0.11830985915492956,
      "NDCG@5": 0.46937385027546064,
      "Recall@10": 0.676056338028169,
      "P@10": 0.06760563380281688,
      "NDCG@10": 0.49639165968927274,
      "Recall@50": 0.8732394366197183,
      "P@50": 0.01746478873239437,
      "NDCG@50": 0.539923834700131
    },
    {
      "MRR": 0.39618544171625186,
      "MAP": 0.39618544171625186,
      "R-Precision": 0.2887323943661972,
      "Mean Rank": 35.232394366197184,
      "Median Rank": 6.0,
      "n_queries": 142,
      "Recall@1": 0.2887323943661972,
      "P@1": 0.2887323943661972,
      "NDCG@1": 0.2887323943661972,
      "Recall@5": 0.49295774647887325,
      "P@5": 0.09859154929577464,
      "NDCG@5": 0.3992308557247173,
      "Recall@10": 0.5985915492957746,
      "P@10": 0.059859154929577454,
      "NDCG@10": 0.43373213204308414,
      "Recall@50": 0.823943661971831,
      "P@50": 0.01647887323943662,
      "NDCG@50": 0.485582367858633
    },
    {
      "MRR": 0.36287676742866937,
      "MAP": 0.36287676742866937,
      "R-Precision": 0.22695035460992907,
      "Mean Rank": 35.97163120567376,
      "Median Rank": 5.0,
      "n_queries": 141,
      "Recall@1": 0.22695035460992907,
      "P@1": 0.22695035460992907,
      "NDCG@1": 0.22695035460992907,
      "Recall@5": 0.5177304964539007,
      "P@5": 0.10354609929078015,
      "NDCG@5": 0.38036157448625807,
      "Recall@10": 0.6382978723404256,
      "P@10": 0.06382978723404255,
      "NDCG@10": 0.42005072497605006,
      "Recall@50": 0.8368794326241135,
      "P@50": 0.01673758865248227,
      "NDCG@50": 0.46431409692608516
    }
  ],
  "mean_finetuned_mrr": 0.41597475398349887,
  "std_finetuned_mrr": 0.03278122224992805,
  "mean_baseline_mrr": 0.36014422815993585
}