{
  "config": {
    "model_name": "Linq-AI-Research/Linq-Embed-Mistral",
    "doc_mode": "raw",
    "epochs": 10,
    "batch_size": 4,
    "gradient_accumulation_steps": 4,
    "gradient_checkpointing": true,
    "max_seq_length": 512,
    "learning_rate": 0.0001,
    "seed": 42,
    "early_stopping_patience": 3,
    "query_instruction": "Instruct: Given a moral statement, retrieve the fable that best conveys this moral.\nQuery: ",
    "model_kwargs": {
      "torch_dtype": "auto"
    },
    "lora": {
      "r": 64,
      "alpha": 128,
      "dropout": 0.05,
      "target_modules": [
        "q_proj",
        "k_proj",
        "v_proj",
        "o_proj"
      ]
    },
    "model_output_dir": "/data/lior/ft_02_linq_5fold_cv/models",
    "wandb": {
      "project": "morables-finetuning",
      "enabled": true
    }
  },
  "folds_evaluated": [
    0,
    1,
    2,
    3,
    4
  ],
  "baseline_fold_metrics": [
    {
      "MRR": 0.17937512650802198,
      "MAP": 0.17937512650802198,
      "R-Precision": 0.09154929577464789,
      "Mean Rank": 115.98591549295774,
      "Median Rank": 28.5,
      "n_queries": 142,
      "Recall@1": 0.09154929577464789,
      "P@1": 0.09154929577464789,
      "NDCG@1": 0.09154929577464789,
      "Recall@5": 0.2887323943661972,
      "P@5": 0.05774647887323944,
      "NDCG@5": 0.18716625014444294,
      "Recall@10": 0.4014084507042254,
      "P@10": 0.040140845070422544,
      "NDCG@10": 0.22275752720039865,
      "Recall@50": 0.5845070422535211,
      "P@50": 0.011690140845070423,
      "NDCG@50": 0.2629352402125712
    },
    {
      "MRR": 0.20093531047222768,
      "MAP": 0.20093531047222768,
      "R-Precision": 0.14788732394366197,
      "Mean Rank": 115.30985915492958,
      "Median Rank": 47.5,
      "n_queries": 142,
      "Recall@1": 0.14788732394366197,
      "P@1": 0.14788732394366197,
      "NDCG@1": 0.14788732394366197,
      "Recall@5": 0.22535211267605634,
      "P@5": 0.04507042253521127,
      "NDCG@5": 0.18865991196107856,
      "Recall@10": 0.30985915492957744,
      "P@10": 0.03098591549295775,
      "NDCG@10": 0.21693876761066136,
      "Recall@50": 0.5140845070422535,
      "P@50": 0.010281690140845071,
      "NDCG@50": 0.26062284212823106
    },
    {
      "MRR": 0.2493158854043951,
      "MAP": 0.2493158854043951,
      "R-Precision": 0.176056338028169,
      "Mean Rank": 104.90845070422536,
      "Median Rank": 26.5,
      "n_queries": 142,
      "Recall@1": 0.176056338028169,
      "P@1": 0.176056338028169,
      "NDCG@1": 0.176056338028169,
      "Recall@5": 0.33098591549295775,
      "P@5": 0.06619718309859156,
      "NDCG@5": 0.25447242855712204,
      "Recall@10": 0.4014084507042254,
      "P@10": 0.040140845070422544,
      "NDCG@10": 0.27681214236418555,
      "Recall@50": 0.5774647887323944,
      "P@50": 0.011549295774647889,
      "NDCG@50": 0.3151930822141835
    },
    {
      "MRR": 0.2094287684429938,
      "MAP": 0.2094287684429938,
      "R-Precision": 0.14084507042253522,
      "Mean Rank": 107.64788732394366,
      "Median Rank": 39.0,
      "n_queries": 142,
      "Recall@1": 0.14084507042253522,
      "P@1": 0.14084507042253522,
      "NDCG@1": 0.14084507042253522,
      "Recall@5": 0.2746478873239437,
      "P@5": 0.054929577464788736,
      "NDCG@5": 0.20985755583800986,
      "Recall@10": 0.3380281690140845,
      "P@10": 0.033802816901408454,
      "NDCG@10": 0.23070149245939867,
      "Recall@50": 0.5492957746478874,
      "P@50": 0.010985915492957746,
      "NDCG@50": 0.27610545185337554
    },
    {
      "MRR": 0.20934228124315712,
      "MAP": 0.20934228124315712,
      "R-Precision": 0.14184397163120568,
      "Mean Rank": 112.29787234042553,
      "Median Rank": 37.0,
      "n_queries": 141,
      "Recall@1": 0.14184397163120568,
      "P@1": 0.14184397163120568,
      "NDCG@1": 0.14184397163120568,
      "Recall@5": 0.2907801418439716,
      "P@5": 0.05815602836879432,
      "NDCG@5": 0.2121317102580308,
      "Recall@10": 0.36879432624113473,
      "P@10": 0.03687943262411348,
      "NDCG@10": 0.23827777858645427,
      "Recall@50": 0.574468085106383,
      "P@50": 0.01148936170212766,
      "NDCG@50": 0.2810414282564764
    }
  ],
  "finetuned_fold_metrics": [
    {
      "MRR": 0.3529444900167164,
      "MAP": 0.3529444900167164,
      "R-Precision": 0.22535211267605634,
      "Mean Rank": 45.65492957746479,
      "Median Rank": 6.0,
      "n_queries": 142,
      "Recall@1": 0.22535211267605634,
      "P@1": 0.22535211267605634,
      "NDCG@1": 0.22535211267605634,
      "Recall@5": 0.4859154929577465,
      "P@5": 0.0971830985915493,
      "NDCG@5": 0.3677039368186661,
      "Recall@10": 0.5845070422535211,
      "P@10": 0.058450704225352104,
      "NDCG@10": 0.39987565223645616,
      "Recall@50": 0.8028169014084507,
      "P@50": 0.016056338028169016,
      "NDCG@50": 0.44729129946257756
    },
    {
      "MRR": 0.26239004041969655,
      "MAP": 0.26239004041969655,
      "R-Precision": 0.13380281690140844,
      "Mean Rank": 43.556338028169016,
      "Median Rank": 9.0,
      "n_queries": 142,
      "Recall@1": 0.13380281690140844,
      "P@1": 0.13380281690140844,
      "NDCG@1": 0.13380281690140844,
      "Recall@5": 0.38028169014084506,
      "P@5": 0.07605633802816902,
      "NDCG@5": 0.2650107288838555,
      "Recall@10": 0.528169014084507,
      "P@10": 0.052816901408450696,
      "NDCG@10": 0.31233258431376,
      "Recall@50": 0.8098591549295775,
      "P@50": 0.016197183098591552,
      "NDCG@50": 0.37676480721661154
    },
    {
      "MRR": 0.3515537117649607,
      "MAP": 0.3515537117649607,
      "R-Precision": 0.24647887323943662,
      "Mean Rank": 36.394366197183096,
      "Median Rank": 7.5,
      "n_queries": 142,
      "Recall@1": 0.24647887323943662,
      "P@1": 0.24647887323943662,
      "NDCG@1": 0.24647887323943662,
      "Recall@5": 0.4507042253521127,
      "P@5": 0.09014084507042254,
      "NDCG@5": 0.3535939771163224,
      "Recall@10": 0.5704225352112676,
      "P@10": 0.05704225352112675,
      "NDCG@10": 0.3917952219232516,
      "Recall@50": 0.823943661971831,
      "P@50": 0.01647887323943662,
      "NDCG@50": 0.44926180192524073
    },
    {
      "MRR": 0.2921046829113095,
      "MAP": 0.2921046829113095,
      "R-Precision": 0.16901408450704225,
      "Mean Rank": 53.07746478873239,
      "Median Rank": 8.0,
      "n_queries": 142,
      "Recall@1": 0.16901408450704225,
      "P@1": 0.16901408450704225,
      "NDCG@1": 0.16901408450704225,
      "Recall@5": 0.4014084507042254,
      "P@5": 0.08028169014084509,
      "NDCG@5": 0.29458234999377014,
      "Recall@10": 0.5563380281690141,
      "P@10": 0.05563380281690141,
      "NDCG@10": 0.3461881589488796,
      "Recall@50": 0.7323943661971831,
      "P@50": 0.014647887323943662,
      "NDCG@50": 0.3848768013308178
    },
    {
      "MRR": 0.3016381111464291,
      "MAP": 0.3016381111464291,
      "R-Precision": 0.19858156028368795,
      "Mean Rank": 41.04255319148936,
      "Median Rank": 9.0,
      "n_queries": 141,
      "Recall@1": 0.19858156028368795,
      "P@1": 0.19858156028368795,
      "NDCG@1": 0.19858156028368795,
      "Recall@5": 0.3829787234042553,
      "P@5": 0.07659574468085106,
      "NDCG@5": 0.2975490900486148,
      "Recall@10": 0.5106382978723404,
      "P@10": 0.05106382978723404,
      "NDCG@10": 0.33909877019444157,
      "Recall@50": 0.75177304964539,
      "P@50": 0.015035460992907802,
      "NDCG@50": 0.39416463394442736
    }
  ],
  "mean_finetuned_mrr": 0.3121262072518224,
  "std_finetuned_mrr": 0.035228420935361715,
  "mean_baseline_mrr": 0.20967947441415916
}