{
  "config": {
    "model_name": "BAAI/bge-base-en-v1.5",
    "doc_mode": "raw",
    "epochs": 30,
    "batch_size": 64,
    "learning_rate": 2e-05,
    "seed": 42,
    "wandb": {
      "project": "morables-finetuning",
      "enabled": true
    }
  },
  "baseline_mrr": 0.06339992133811538,
  "trained_mrr": 0.9735543018335684,
  "baseline_metrics": {
    "MRR": 0.06339992133811538,
    "MAP": 0.06339992133811538,
    "R-Precision": 0.031029619181946404,
    "Mean Rank": 210.44428772919605,
    "Median Rank": 156.0,
    "n_queries": 709,
    "Recall@1": 0.031029619181946404,
    "P@1": 0.031029619181946404,
    "NDCG@1": 0.031029619181946404,
    "Recall@5": 0.08180535966149506,
    "P@5": 0.016361071932299014,
    "NDCG@5": 0.05637904806977117,
    "Recall@10": 0.11283497884344147,
    "P@10": 0.011283497884344146,
    "NDCG@10": 0.0660885060118671,
    "Recall@50": 0.27926657263751764,
    "P@50": 0.005585331452750353,
    "NDCG@50": 0.10209300936846671
  },
  "trained_metrics": {
    "MRR": 0.9735543018335684,
    "MAP": 0.9735543018335684,
    "R-Precision": 0.9492242595204513,
    "Mean Rank": 1.0578279266572637,
    "Median Rank": 1.0,
    "n_queries": 709,
    "Recall@1": 0.9492242595204513,
    "P@1": 0.9492242595204513,
    "NDCG@1": 0.9492242595204513,
    "Recall@5": 1.0,
    "P@5": 0.19999999999999993,
    "NDCG@5": 0.9804237357861214,
    "Recall@10": 1.0,
    "P@10": 0.09999999999999996,
    "NDCG@10": 0.9804237357861214,
    "Recall@50": 1.0,
    "P@50": 0.019999999999999997,
    "NDCG@50": 0.9804237357861214
  }
}