{
  "config": {
    "model_name": "Linq-AI-Research/Linq-Embed-Mistral",
    "doc_mode": "fable_plus_summary",
    "epochs": 10,
    "batch_size": 4,
    "gradient_accumulation_steps": 4,
    "gradient_checkpointing": true,
    "max_seq_length": 512,
    "learning_rate": 0.0001,
    "temperature": 0.05,
    "seed": 42,
    "early_stopping_patience": 3,
    "query_instruction": "Instruct: Given a moral statement, retrieve the fable that best conveys this moral.\nQuery: ",
    "model_kwargs": {
      "torch_dtype": "auto"
    },
    "lora": {
      "r": 64,
      "alpha": 128,
      "dropout": 0.05,
      "target_modules": [
        "q_proj",
        "k_proj",
        "v_proj",
        "o_proj"
      ]
    },
    "model_output_dir": "/data/lior/ft_04_storal_augment/models",
    "wandb": {
      "project": "morables-finetuning",
      "enabled": true
    }
  },
  "storal_pairs_used": 1675,
  "temperature": 0.05,
  "folds_run": [
    0
  ],
  "mean_mrr": 0.4201227869707287,
  "std_mrr": 0.0,
  "fold_mrrs": [
    0.4201227869707287
  ],
  "fold_metrics": [
    {
      "MRR": 0.4201227869707287,
      "MAP": 0.4201227869707287,
      "R-Precision": 0.3028169014084507,
      "Mean Rank": 32.640845070422536,
      "Median Rank": 4.0,
      "n_queries": 142,
      "Recall@1": 0.3028169014084507,
      "P@1": 0.3028169014084507,
      "NDCG@1": 0.3028169014084507,
      "Recall@5": 0.5704225352112676,
      "P@5": 0.11408450704225352,
      "NDCG@5": 0.44140476217880803,
      "Recall@10": 0.6619718309859155,
      "P@10": 0.06619718309859154,
      "NDCG@10": 0.47060890595570914,
      "Recall@50": 0.8661971830985915,
      "P@50": 0.017323943661971833,
      "NDCG@50": 0.5137751777283436
    }
  ]
}