{
  "concept": "moral_category__deception",
  "layer": 28,
  "alpha": -3.0,
  "mrr_at_10": 0.22940666286474667,
  "rr_per_query": [
    0.0,
    0.0,
    0.16666666666666666,
    1.0,
    0.0,
    0.3333333333333333,
    0.2,
    0.0,
    0.5,
    0.0,
    0.0,
    0.1111111111111111,
    0.0,
    0.5,
    0.14285714285714285,
    0.0,
    0.125,
    0.0,
    0.5,
    0.5,
    0.0,
    0.2,
    1.0,
    0.0,
    0.0,
    1.0,
    0.5,
    0.5,
    0.0,
    0.3333333333333333,
    0.0,
    0.0,
    0.0,
    0.1111111111111111,
    0.0,
    0.5,
    0.0,
    1.0,
    0.0,
    0.5,
    0.0,
    0.0,
    0.0,
    0.0,
    1.0,
    0.0,
    0.0,
    0.0,
    0.0,
    0.0,
    0.0,
    0.0,
    0.0,
    0.0,
    1.0,
    0.0,
    0.0,
    1.0,
    1.0,
    0.5,
    0.0,
    0.0,
    0.0,
    0.0,
    0.0,
    0.0,
    0.0,
    0.0,
    0.0,
    0.0,
    0.0,
    1.0,
    0.0,
    0.0,
    0.0,
    1.0,
    0.0,
    0.0,
    0.3333333333333333,
    0.0,
    0.0,
    0.0,
    0.0,
    1.0,
    0.0,
    0.0,
    0.0,
    0.0,
    0.0,
    0.0,
    0.0,
    0.0,
    0.0,
    0.0,
    0.0,
    1.0,
    0.0,
    0.0,
    0.0,
    0.3333333333333333,
    0.25,
    0.0,
    0.125,
    0.0,
    0.0,
    1.0,
    0.0,
    0.5,
    0.1111111111111111,
    0.16666666666666666,
    0.0,
    1.0,
    0.0,
    0.1,
    1.0,
    0.0,
    0.3333333333333333,
    0.0,
    0.0,
    0.0,
    0.0,
    0.0,
    0.5,
    1.0,
    0.5,
    0.0,
    0.0,
    0.0,
    0.0,
    0.0,
    0.0,
    0.0,
    0.0,
    0.0,
    0.3333333333333333,
    1.0,
    0.0,
    0.0,
    0.0,
    0.0,
    0.0,
    0.0,
    0.0,
    0.0,
    0.0,
    0.0,
    0.0,
    0.0,
    0.2,
    0.0,
    0.0,
    0.0,
    0.0,
    0.0,
    0.16666666666666666,
    0.0,
    0.0,
    0.0,
    1.0,
    0.0,
    0.0,
    0.125,
    0.3333333333333333,
    0.0,
    1.0,
    0.0,
    0.0,
    0.0,
    0.0,
    0.0,
    1.0,
    0.5,
    1.0,
    0.0,
    1.0,
    1.0,
    0.0,
    1.0,
    0.0,
    0.0,
    0.0,
    0.0,
    0.0,
    0.0,
    0.0,
    0.0,
    0.0,
    0.0,
    0.125,
    0.14285714285714285,
    0.16666666666666666,
    0.0,
    1.0,
    1.0,
    1.0,
    0.0,
    0.0,
    0.0,
    0.3333333333333333,
    1.0,
    0.0,
    0.3333333333333333,
    0.16666666666666666,
    1.0,
    1.0,
    0.0,
    0.1,
    0.0,
    0.0,
    0.0,
    1.0,
    0.0,
    0.0,
    0.14285714285714285,
    0.0,
    0.2,
    1.0,
    0.125,
    0.0,
    0.0,
    0.0,
    0.0,
    1.0,
    0.25,
    0.0,
    1.0,
    0.0,
    0.0,
    0.0,
    0.0,
    0.0,
    1.0,
    0.3333333333333333,
    0.0,
    0.0,
    0.5,
    0.3333333333333333,
    0.0,
    0.0,
    0.1111111111111111,
    0.0,
    0.25,
    0.0,
    0.0,
    0.0,
    0.3333333333333333,
    0.0,
    0.0,
    0.0,
    0.0,
    0.0,
    0.0,
    0.0,
    0.0,
    0.0,
    0.0,
    0.0,
    1.0,
    0.0,
    0.0,
    0.0,
    1.0,
    0.0,
    0.5,
    0.0,
    0.5,
    0.0,
    1.0,
    0.0,
    1.0,
    0.0,
    0.0,
    1.0,
    0.16666666666666666,
    0.0,
    0.5,
    0.0,
    0.3333333333333333,
    0.5,
    0.0,
    0.0,
    1.0,
    0.0,
    0.0,
    0.0,
    1.0,
    0.0,
    0.0,
    0.0,
    1.0,
    0.0,
    0.0,
    0.0,
    0.14285714285714285,
    0.1111111111111111,
    1.0,
    0.0,
    0.0,
    0.0,
    0.0,
    0.3333333333333333,
    1.0,
    0.0,
    1.0,
    0.0,
    0.0,
    0.5,
    0.0,
    0.0,
    0.0,
    0.5,
    1.0,
    0.0,
    0.0,
    0.0,
    0.0,
    0.5,
    1.0,
    0.0,
    1.0,
    0.0,
    0.0,
    0.0,
    0.0,
    0.0,
    0.0,
    1.0,
    0.5,
    0.0,
    0.5,
    0.16666666666666666,
    1.0,
    0.5,
    0.0,
    0.5,
    0.14285714285714285,
    0.0,
    1.0,
    1.0,
    0.0,
    0.1,
    0.25,
    1.0,
    0.0,
    0.0,
    0.0,
    1.0,
    0.0,
    0.0,
    0.0,
    0.16666666666666666,
    0.0,
    0.16666666666666666,
    0.5,
    0.0,
    1.0,
    0.0,
    0.0,
    0.0,
    1.0,
    0.0,
    0.0,
    0.0,
    0.0,
    0.0,
    0.0,
    0.0,
    1.0,
    1.0,
    0.0,
    0.14285714285714285,
    0.0,
    0.0,
    0.0,
    0.0,
    0.0,
    0.0,
    0.3333333333333333,
    0.0,
    0.0,
    0.0,
    0.0,
    0.0,
    0.5,
    0.5,
    0.3333333333333333,
    0.0,
    0.0,
    1.0,
    0.5,
    0.0,
    0.0,
    0.5,
    0.0,
    0.0,
    0.0,
    0.0,
    0.0,
    0.1111111111111111,
    0.0,
    0.0,
    0.0,
    0.0,
    0.0,
    0.0,
    0.5,
    0.0,
    0.0,
    0.0,
    1.0,
    1.0,
    0.0,
    1.0,
    0.0,
    0.0,
    0.0,
    0.0,
    0.5,
    0.0,
    0.0,
    0.14285714285714285,
    0.0,
    0.3333333333333333,
    0.0,
    0.0,
    0.0,
    1.0,
    0.0,
    1.0,
    0.0,
    0.0,
    0.0,
    0.0,
    1.0,
    0.5,
    0.0,
    0.0,
    0.0,
    1.0,
    1.0,
    0.3333333333333333,
    0.0,
    0.5,
    0.0,
    0.0,
    0.0,
    1.0,
    0.0,
    1.0,
    0.0,
    1.0,
    0.0,
    0.2,
    0.0,
    0.0,
    0.0,
    0.0,
    1.0,
    0.125,
    1.0,
    1.0,
    0.5,
    0.0,
    0.0,
    0.0,
    1.0,
    0.0,
    0.0,
    0.0,
    0.0,
    0.0,
    0.0,
    0.0,
    1.0,
    0.0,
    0.0,
    0.0,
    0.0,
    0.0,
    0.0,
    0.14285714285714285,
    0.0,
    0.3333333333333333,
    0.0,
    0.3333333333333333,
    0.0,
    0.0,
    1.0,
    0.0,
    0.0,
    0.1111111111111111,
    0.0,
    0.0,
    0.0,
    0.25,
    0.0,
    0.0,
    1.0,
    0.0,
    0.5,
    1.0,
    1.0,
    1.0,
    0.0,
    0.0,
    0.0,
    0.0,
    1.0,
    0.0,
    0.0,
    0.0,
    0.0,
    0.0,
    0.0,
    0.0,
    0.0,
    0.0,
    0.0,
    0.0,
    0.0,
    0.0,
    0.0,
    1.0,
    0.5,
    0.0,
    0.1,
    1.0,
    0.0,
    0.5,
    0.16666666666666666,
    0.0,
    0.0,
    0.0,
    0.0,
    0.0,
    0.0,
    1.0,
    0.0,
    0.0,
    0.2,
    0.0,
    0.0,
    0.0,
    0.0,
    1.0,
    0.0,
    0.0,
    0.0,
    0.1,
    0.25,
    0.0,
    1.0,
    0.16666666666666666,
    0.16666666666666666,
    0.1,
    0.0,
    1.0,
    0.2,
    0.0,
    0.0,
    0.0,
    0.0,
    0.0,
    0.0,
    0.0,
    1.0,
    1.0,
    1.0,
    0.14285714285714285,
    0.0,
    0.25,
    0.0,
    0.5,
    0.5,
    0.0,
    0.0,
    0.0,
    0.0,
    0.0,
    0.0,
    1.0,
    1.0,
    0.5,
    0.0,
    0.0,
    0.0,
    1.0,
    0.0,
    0.0,
    0.0,
    0.2,
    0.0,
    0.0,
    0.0,
    0.0,
    0.0,
    0.0,
    1.0,
    0.0,
    0.0,
    0.2,
    0.0,
    0.0,
    0.0,
    0.0,
    0.0,
    0.1,
    1.0,
    0.0,
    0.14285714285714285,
    1.0,
    0.0,
    0.0,
    0.0,
    0.16666666666666666,
    0.0,
    0.0,
    1.0,
    0.16666666666666666,
    1.0,
    0.5,
    0.5,
    0.0,
    0.0,
    0.5,
    0.0,
    1.0,
    0.0,
    0.3333333333333333,
    0.0,
    0.0,
    0.0,
    0.0,
    1.0,
    0.0,
    0.16666666666666666,
    1.0,
    0.0,
    0.0,
    1.0,
    0.16666666666666666,
    1.0,
    1.0,
    0.25,
    0.0,
    0.0,
    0.0,
    0.0,
    0.16666666666666666,
    1.0,
    0.0,
    1.0,
    0.2,
    1.0,
    0.1111111111111111,
    0.0,
    0.0,
    1.0,
    1.0,
    0.16666666666666666,
    0.0,
    0.0,
    1.0,
    0.14285714285714285,
    0.3333333333333333,
    0.5,
    0.5,
    1.0
  ],